,link,dep_day,dep_time,dep_city,dep_lat,dep_long,dep_addr,arr_city,arr_lat,arr_long,arr_addr,price,distance,seatsleft,seats,trip_id,stops,bookmode,booktype
0,https://www.blablacar.it/passaggio-milano-piombino-767713880,2017-03-31,05:40:00,Milano,45.443210602,9.167404175,"Milano Romolo, 20143 Milano, Italia",Piombino,42.928630829,10.544556618,"Stazione Piombino Marittima, Piombino",24.0,386,2,2,767713880-milano-piombino,"[Milano, Piombino]",manual,online
1,https://www.blablacar.it/passaggio-milano-marina-di-carrara-771519005,2017-03-31,06:00:00,Milano,45.4654219,9.1859243,"Milano, MI",Marina Di Carrara,44.0359679,10.0438256,"Marina di Carrara, MS",10.5,234,3,3,771519005-milano-marina-di-carrara,"[Milano, Marina Di Carrara]",manual,online
2,https://www.blablacar.it/passaggio-milano-aeroporto-di-bergamo-orio-al-serio-orio-al-serio-bergamo-765655590,2017-03-31,06:40:39,Milano,45.46549,9.18588,"Milano, MI","Aeroporto di Bergamo / Orio al Serio, Orio al serio, Bergamo",45.6695707,9.7036313,"Aeroporto di Bergamo / Orio al Serio, Orio al serio, Bergamo",3.0,52,3,3,765655590-milano-aeroporto-di-bergamo-orio-al-serio-orio-al-serio-bergamo,[Milano],manual,online
3,https://www.blablacar.it/passaggio-milano-lavagna-770007175,2017-03-31,07:00:00,Milano,45.4682126,9.1758203,"Cadorna FN M2, Milano, MI",Lavagna,44.2923026,9.3751106,cavi di lavagna,14.0,182,3,4,770007175-milano-lavagna,"[Milano, Lavagna]",auto,online
4,https://www.blablacar.it/passaggio-milan-bale-770157715,2017-03-31,07:00:00,Milano,45.48604357,9.216095656,"Loreto M1-M2, Milano",Basilea,47.5595986,7.5885761,"Bâle, Suisse",20.5,345,4,4,770157715-milan-bale,"[Milano, Basilea, Les Ulis]",manual,online
5,https://www.blablacar.it/passaggio-milano-roma-769785605,2017-03-31,07:00:00,Milano,45.4842475,9.2348298,"Lambrate Fs, 20131 Milano, Italia",Roma,41.8395609,12.4635383,"EUR Magliana, Via Castelrosso, 00144 Roma, Italia",28.5,597,1,3,769785605-milano-roma,"[Milano, Roma]",manual,online
6,https://www.blablacar.it/passaggio-milano-torino-770210090,2017-03-31,07:00:24,Milano,45.468491,9.1552276,"Wagner, Milano, Italia",Torino,45.0620791,7.6784795,"Torino Porta Nuova, 10121 Torino, Italia",8.5,142,3,3,770210090-milano-torino,"[Milano, Torino]",auto,online
7,https://www.blablacar.it/passaggio-milano-genova-771959365,2017-03-31,07:00:28,Milano,45.4372427,9.1681331,"Famagosta, 20142 Milano, Italia",Genova,44.4081285,8.9215209,"Via Magazzini del Cotone, 16128 Genova, Italia",5.5,140,3,3,771959365-milano-genova,"[Milano, Genova]",auto,online
8,https://www.blablacar.it/passaggio-milano-bergamo-753806780,2017-03-31,07:30:00,Milano,45.4807629,9.2239914,"Piazzale Gabrio Piola, Milano, MI",Bergamo,45.69061,9.674822,"Stazione Ferroviaria, Bergamo",4.0,47,2,2,753806780-milano-bergamo,"[Milano, Bergamo]",manual,online
9,https://www.blablacar.it/passaggio-milano-lugano-767563320,2017-03-31,07:30:00,Milano,45.4836761,9.1880191,"Garibaldi-Isola, Milano, MI",Lugano,46.0036778,8.951052,"Lugano, Svizzera",7.5,77,1,1,767563320-milano-lugano,"[Milano, Lugano]",manual,online
10,https://www.blablacar.it/passaggio-milano-genova-770250660,2017-03-31,07:30:00,Milano,45.465499878,9.185879707,"Milano, MI",Genova,44.405700684,8.946260452,"Genova, GE",9.5,148,3,3,770250660-milano-genova,"[Milano, Genova]",manual,online
11,https://www.blablacar.it/passaggio-milano-genova-771136805,2017-03-31,07:30:00,Milano,45.437728,9.168557,"Famagosta M2, 20142 Milano, Italia",Genova,44.4168921,8.9215322,"Genova Piazza Principe, 16134 Genova, Italia",9.5,133,3,3,771136805-milano-genova,"[Milano, Genova]",auto,online
12,https://www.blablacar.it/passaggio-milano-firenze-771615550,2017-03-31,07:30:00,Milano,45.4654219,9.1859243,"Milano, MI, Italia",Firenze,43.7695604,11.2558136,"Firenze, FI, Italia",17.5,318,4,4,771615550-milano-firenze,"[Milano, Firenze]",auto,online
13,https://www.blablacar.it/passaggio-milano-rimini-770394710,2017-03-31,08:00:00,Milano,45.4654219,9.1859243,Milano,Rimini,44.0678288,12.5695158,Rimini,17.5,333,2,3,770394710-milano-rimini,"[Milano, Rimini]",manual,online
14,https://www.blablacar.it/passaggio-milano-nizza-771769660,2017-03-31,08:00:00,Milano,45.4858877,9.2042827,"Milano Centrale, Milano, MI",Nizza,43.7101728,7.2619532,"Nizza, Francia",19.5,319,3,3,771769660-milano-nizza,"[Milano, Nizza]",manual,online
15,https://www.blablacar.it/passaggio-milano-parigi-769493315,2017-03-31,08:00:00,Milano,45.4654219,9.1859243,"Milano, MI",Parigi,48.842668,2.375576,"Gare de Lyon, 75012 Paris, Francia",61.0,851,1,2,769493315-milano-parigi,"[Roma, Milano, Parigi]",manual,online
16,https://www.blablacar.it/passaggio-milano-chiasso-769866355,2017-03-31,08:10:00,Milano,45.4818609,9.1643593,"Corso Sempione, Milano, Italia",Chiasso,45.8356991,9.0268497,"Corso S. Gottardo, 6830 Chiasso, Svizzera",4.0,50,3,3,769866355-milano-chiasso,"[Milano, Chiasso]",manual,online
17,https://www.blablacar.it/passaggio-milano-forli-770552600,2017-03-31,08:30:00,Milano,45.507356,9.1847626,"Via Ausonio Zubiani, 20161 Milano, Italia",Forlì,44.21779,12.03936,"Via della Rocca, 17, 47121 Forlì FC, Italia",18.5,306,3,3,770552600-milano-forli,"[Milano, Forlì]",auto,online
18,https://www.blablacar.it/passaggio-milano-genova-770670300,2017-03-31,09:00:00,Milano,45.481639862,9.17620945,"Chinatown, 20154 Milano, Italia",Genova,44.4056499,8.946256,"Genova, Italia",12.0,147,3,4,770670300-milano-genova,"[Milano, Genova, Cecina]",manual,online
19,https://www.blablacar.it/passaggio-milano-pisa-771927890,2017-03-31,09:00:00,Milano,45.4842567,9.1665183,"Piazza Gerusalemme, 20154 Milano, Italia",Pisa,43.7179162,10.3978048,"Via l'Arancio, 9, 56126 Pisa PI, Italia",19.5,287,2,3,771927890-milano-pisa,"[Milano, Pisa]",manual,online
20,https://www.blablacar.it/passaggio-milano-montelupo-fiorentino-770398025,2017-03-31,09:00:24,Milano,45.4519646,9.2024902,"Piazzale Medaglie D'Oro, Milano, Italia",Montelupo Fiorentino,43.7331893,11.0206163,"50056 Montelupo Fiorentino FI, Italia",18.5,308,3,3,770398025-milano-montelupo-fiorentino,"[Milano, Montelupo Fiorentino]",manual,online
21,https://www.blablacar.it/passaggio-milano-brescia-770574390,2017-03-31,09:10:00,Milano,45.4654219,9.1859243,Milano,Brescia,45.5415526,10.2118019,"Brescia, BS",7.5,96,2,3,770574390-milano-brescia,"[Novara, Milano, Brescia]",manual,online
22,https://www.blablacar.it/passaggio-milano-tirano-754816075,2017-03-31,09:30:00,Milano,45.437728,9.168557,"Famagosta M2, Milano, MI",Tirano,46.216168,10.1696056,"Tirano, SO",9.5,186,3,3,754816075-milano-tirano,"[Milano, Tirano]",auto,online
23,https://www.blablacar.it/passaggio-milan-mulhouse-765941610,2017-03-31,09:30:00,Milano,45.4654219,9.1859243,"Milan, Italie",Mulhouse,47.750839,7.335888,Mulhouse,34.0,377,1,3,765941610-milan-mulhouse,"[Verona, Milano, Mulhouse, Nancy]",auto,online
24,https://www.blablacar.it/passaggio-milano-genova-771330010,2017-03-31,09:40:00,Milano,45.437728,9.168557,"Famagosta M2, Milano, MI",Genova,44.4285433,8.7585402,"Genova Voltri, Genova, GE",9.5,140,1,3,771330010-milano-genova,"[Ospitaletto, Milano, Genova, Sanremo]",auto,online
25,https://www.blablacar.it/passaggio-milano-roma-770520735,2017-03-31,09:40:00,Milano,45.465423584,9.18592453,"Milano, Italia",Roma,41.90278244,12.496365547,"Roma, Italia",31.5,574,3,3,770520735-milano-roma,"[Bergamo, Milano, Roma]",auto,online
26,https://www.blablacar.it/passaggio-milano-carrara-769000615,2017-03-31,10:00:00,Milano,45.4654219,9.1859243,"Milano, MI",Carrara,44.0793245,10.097677,"Carrara, MS",14.0,238,1,3,769000615-milano-carrara,"[Milano, Carrara]",manual,online
27,https://www.blablacar.it/passaggio-milano-bologna-769374155,2017-03-31,10:00:00,Milano,45.465488434,9.185879707,"Milano, MI",Bologna,44.494983673,11.34281826,"Bologna, BO",14.0,216,3,3,769374155-milano-bologna,"[Milano, Bologna, Urbino]",manual,online
28,https://www.blablacar.it/passaggio-milano-la-spezia-771997240,2017-03-31,10:00:00,Milano,45.4654219,9.1859243,"Milano, MI",La Spezia,44.1024504,9.8240826,"La Spezia, SP",16.5,225,3,3,771997240-milano-la-spezia,"[Busto Arsizio, Milano, La Spezia]",auto,online
29,https://www.blablacar.it/passaggio-milano-padova-768929900,2017-03-31,10:00:00,Milano,45.437728,9.168557,"Famagosta M2, 20142 Milano, Italia",Padova,45.3945541,11.9345494,"Corso Stati Uniti, 5, 35127 Padova PD, Italia",17.5,257,2,3,768929900-milano-padova,"[Milano, Padova]",auto,online
30,https://www.blablacar.it/passaggio-milano-ancona-770448750,2017-03-31,10:00:00,Milano,45.4654219,9.1859243,"Milano, Italia",Ancona,43.607319,13.497786,Stazione ferroviaria,19.5,427,1,3,770448750-milano-ancona,"[Milano, Ancona]",manual,online
31,https://www.blablacar.it/passaggio-milano-sanremo-768650065,2017-03-31,10:00:00,Milano,45.4654219,9.1859243,"Milano, MI",Sanremo,43.8159671,7.7760567,"Sanremo, IM",21.5,270,3,3,768650065-milano-sanremo,"[Milano, Sanremo]",manual,online
32,https://www.blablacar.it/passaggio-milano-bevagna-768903680,2017-03-31,10:00:00,Milano,45.4432113,9.1674042,"Milano Romolo, 20143 Milano, Italia",Bevagna,42.938004,12.6216211,"Provincia di Perugia, Italia",34.0,482,1,1,768903680-milano-bevagna,"[Milano, Bevagna]",manual,online
33,https://www.blablacar.it/passaggio-milano-pescara-768611730,2017-03-31,10:10:00,Milano,45.4654219,9.1859243,"Milano, Italia",Pescara,42.4617902,14.2160898,"Pescara PE, Italia",29.5,592,3,4,768611730-milano-pescara,"[Lecco, Milano, Pescara, Scafa]",manual,online
34,https://www.blablacar.it/passaggio-milano-modena-771601015,2017-03-31,10:30:00,Milano,45.4490778,9.1905305,"Via Ferdinando Bocconi, Milano, MI",Modena,44.647128,10.9252269,"Modena, MO",7.5,174,1,2,771601015-milano-modena,"[Milano, Modena]",manual,online
35,https://www.blablacar.it/passaggio-milano-genova-771128200,2017-03-31,10:30:00,Milano,45.4861631,9.2163838,"Piazzale Loreto, Milano, MI",Genova,44.4068,8.94617,"Brignole Fs/, Genova, GE",9.5,148,2,4,771128200-milano-genova,"[Milano, Genova]",auto,online
36,https://www.blablacar.it/passaggio-milano-brescia-771627380,2017-03-31,10:30:43,Milano,45.4654219,9.1859243,"Milano, Italia",Brescia,45.5415526,10.2118019,Brescia,7.5,96,2,3,771627380-milano-brescia,"[Milano, Brescia, Vicenza]",auto,online
37,https://www.blablacar.it/passaggio-milano-monaco-ville-770777975,2017-03-31,10:40:00,Milano,45.437728,9.168557,"Famagosta M2, Milano, MI",Monaco-Ville,43.7387495,7.4189942,"Gare de Monaco Monte-Carlo, Monaco-Ville, Monaco",25.0,297,2,3,770777975-milano-monaco-ville,"[Monza, Milano, Monaco-Ville]",manual,online
38,https://www.blablacar.it/passaggio-milano-losanna-760999055,2017-03-31,10:50:34,Milano,45.4654219,9.1859243,"Milano, Italia",Losanna,46.5196535,6.6322734,"Losanna, Svizzera",25.0,328,1,3,760999055-milano-losanna,"[Peschiera Del Garda, Milano, Losanna, Syam]",manual,online
39,https://www.blablacar.it/passaggio-milano-padova-770796330,2017-03-31,11:00:00,Milano,45.4654219,9.1859243,Milano metro rossa capolinea Sesto 1 Maggio,Padova,45.4174057,11.8789507,Padova stazione,17.5,237,3,3,770796330-milano-padova,"[Milano, Padova]",auto,online
40,https://www.blablacar.it/passaggio-milano-san-benedetto-del-tronto-771875865,2017-03-31,11:00:00,Milano,45.4515,9.20312,"Porta Romana, Milano, MI",San Benedetto Del Tronto,42.961,13.8746,"San Benedetto del Tronto, AP",30.5,499,2,2,771875865-milano-san-benedetto-del-tronto,"[Milano, San Benedetto Del Tronto, Teramo]",manual,online
41,https://www.blablacar.it/passaggio-milano-modena-765394570,2017-03-31,11:20:00,Milano,45.4654219,9.1859243,"Milano, Italia",Modena,44.65416,10.930644,"Stazione Ferroviaria, Modena",7.5,180,1,2,765394570-milano-modena,"[Sondrio, Milano, Modena]",manual,online
42,https://www.blablacar.it/passaggio-milano-pavia-771948560,2017-03-31,11:30:00,Milano,45.4843425,9.2347009,"Lambrate Fs, Milano, MI",Pavia,45.1847248,9.1582069,"Pavia, PV",5.5,57,4,4,771948560-milano-pavia,"[Grumello Del Monte, Milano, Pavia, Savona]",manual,online
43,https://www.blablacar.it/passaggio-milano-vicenza-763147965,2017-03-31,11:30:00,Milano,45.4654219,9.1859243,"Milano, MI",Vicenza,45.5454787,11.5354214,"Vicenza, VI",9.5,216,3,3,763147965-milano-vicenza,"[Milano, Vicenza]",manual,online
44,https://www.blablacar.it/passaggio-milano-sondrio-771396575,2017-03-31,11:40:00,Milano,45.437393188,9.168777466,"Famagosta M2, Milano",Sondrio,46.1670453,9.8729366,"Stazione di Sondrio, Sondrio",9.5,159,3,3,771396575-milano-sondrio,"[Milano, Sondrio]",manual,online
45,https://www.blablacar.it/passaggio-milan-bale-763785310,2017-03-31,11:40:00,Milano,45.4654219,9.1859243,"Milan, Italie",Basilea,47.5595986,7.5885761,"Bâle, Suisse",20.5,344,2,2,763785310-milan-bale,"[Sacile, Milano, Basilea, Haguenau]",manual,online
46,https://www.blablacar.it/passaggio-mailand-parma-762037825,2017-03-31,11:50:00,Milano,45.4654219,9.1859243,"Mailand, Italien",Parma,44.801485,10.3279036,"Parma, Italien",5.5,132,3,3,762037825-mailand-parma,"[Karlsruhe, Milano, Parma, Grosseto]",manual,online
47,https://www.blablacar.it/passaggio-milano-rondissone-771755270,2017-03-31,12:00:00,Milano,45.461504,9.1364845,"Bande Nere, Milano, MI",Rondissone,45.2469461,7.9635896,"Rondissone, TO",7.5,110,3,3,771755270-milano-rondissone,"[Milano, Rondissone, Les Allues]",manual,online
48,https://www.blablacar.it/passaggio-milano-firenze-770814255,2017-03-31,12:00:00,Milano,45.4372427,9.1681331,"Famagosta, 20142 Milano, Italia",Firenze,43.774704,11.2490443,"Santa Maria Novella, Firenze, Italia",17.5,305,2,3,770814255-milano-firenze,"[Milano, Firenze]",auto,online
49,https://www.blablacar.it/passaggio-milano-imperia-768899280,2017-03-31,12:00:00,Milano,45.437728,9.168557,"Famagosta M2, 20142 Milano, Italia",Imperia,43.8894126,8.0394093,"Piazza Dante, 18100 Imperia IM, Italia",17.5,233,1,2,768899280-milano-imperia,"[Milano, Imperia]",manual,online
50,https://www.blablacar.it/passaggio-milano-modena-771831135,2017-03-31,12:10:00,Milano,45.4515142,9.2030248,"Porta Romana, 20135 Milano, Italia",Modena,44.6506331,10.864818,"A1 - Autostrada del Sole, Modena MO, Italia",8.5,164,4,4,771831135-milano-modena,"[Milano, Modena, Cesena]",manual,online
51,https://www.blablacar.it/passaggio-milano-darfo-770695690,2017-03-31,12:20:02,Milano,45.4655,9.18588,"Milano, MI",Darfo,45.8816,10.1878,"Darfo Boario Terme, BS",6.5,104,2,4,770695690-milano-darfo,"[Milano, Darfo]",manual,online
52,https://www.blablacar.it/passaggio-milano-lugano-767059140,2017-03-31,12:30:00,Milano,45.437244415,9.168132782,"Famagosta, 20142 Milano, Italia",Lugano,46.005500793,8.946848869,"Lugano, Lugano",5.5,88,3,3,767059140-milano-lugano,"[Perugia, Milano, Lugano]",auto,online
53,https://www.blablacar.it/passaggio-milano-parma-770688305,2017-03-31,12:30:00,Milano,45.4654219,9.1859243,"Milano, MI",Parma,44.8015,10.32751,"Parma, PR",9.5,132,2,3,770688305-milano-parma,"[Milano, Parma, Pisa]",auto,online
54,https://www.blablacar.it/passaggio-milano-genova-771905180,2017-03-31,13:00:00,Milano,45.4443535,9.1671241,"Viale Romolo, 1, 20143 Milano, Italia",Genova,44.4068,8.94617,"Brignole Fs/, 16121 Genova, Italia",9.5,142,2,2,771905180-milano-genova,"[Milano, Genova]",manual,online
55,https://www.blablacar.it/passaggio-milano-bolzano-769905060,2017-03-31,13:00:00,Milano,45.4654219,9.1859243,"Milano, MI",Bolzano,46.496883,11.358459,"Stazione ferroviaria, Bolzano",17.5,278,3,3,769905060-milano-bolzano,"[Milano, Bolzano]",manual,online
56,https://www.blablacar.it/passaggio-milan-nice-767492400,2017-03-31,13:00:00,Milano,45.4654219,9.1859243,"Milan, Italie",Nizza,43.7101728,7.2619532,Nice,19.5,318,2,3,767492400-milan-nice,"[Milano, Nizza, Antibes]",manual,online
57,https://www.blablacar.it/passaggio-milano-san-vincenzo-770602400,2017-03-31,13:00:00,Milano,45.4654219,9.1859243,Milano,San Vincenzo,43.1023803,10.5393513,San Vincenzo,21.5,359,3,3,770602400-milano-san-vincenzo,"[Milano, San Vincenzo]",manual,online
58,https://www.blablacar.it/passaggio-milano-rimini-770835445,2017-03-31,13:00:00,Milano,45.437728882,9.168557167,"Famagosta M2, Milano, MI",Rimini,44.067829132,12.569516182,"Rimini, RN",23.0,333,3,3,770835445-milano-rimini,"[Milano, Rimini]",manual,online
59,https://www.blablacar.it/passaggio-milano-losanna-769897045,2017-03-31,13:00:00,Milano,45.4654219,9.1859243,"Milano, MI",Losanna,46.5196535,6.6322734,"Losanna, Svizzera",28.5,330,3,3,769897045-milano-losanna,"[Milano, Losanna, Besançon]",manual,online
60,https://www.blablacar.it/passaggio-milano-acilia-00125-roma-rm-italia-767539965,2017-03-31,13:00:00,Milano,45.4654219,9.1859243,"Milano, Italia","Acilia, 00125 Roma RM, Italia",41.7841173,12.3640399,"Acilia, 00125 Roma RM, Italia",30.5,599,2,2,767539965-milano-acilia-00125-roma-rm-italia,[Milano],manual,online
61,https://www.blablacar.it/passaggio-milano-formia-764209040,2017-03-31,13:00:00,Milano,45.424671173,9.203590393,"Via Giuseppe Ripamonti, Milano, MI, Italia",Formia,41.255996704,13.606866837,"Formia, LT, Italia",50.0,706,3,3,764209040-milano-formia,"[Milano, Formia]",auto,online
62,https://www.blablacar.it/passaggio-milano-napoli-767904000,2017-03-31,13:00:20,Milano,45.4654219,9.1859243,"Milano, Italia",Napoli,40.8517746,14.2681244,"Napoli, Italia",44.5,773,1,3,767904000-milano-napoli,"[Milano, Napoli]",manual,online
63,https://www.blablacar.it/passaggio-milano-ronco-scrivia-764117055,2017-03-31,13:10:00,Milano,45.465423584,9.18592453,"Milano, MI, Italia",Ronco Scrivia,44.6160512,8.9445223,"16019 Ronco Scrivia GE, Italia",8.5,116,1,3,764117055-milano-ronco-scrivia,"[Milano, Ronco Scrivia, Genova]",auto,online
64,https://www.blablacar.it/passaggio-milano-vicenza-771604395,2017-03-31,13:10:00,Milano,45.4858877,9.2042827,"Milano Centrale, Piazza Duca d'Aosta, 1, 20124 Milano, Italia",Vicenza,45.5455283,11.5354265,"36100 Vicenza VI, Italia",12.0,205,4,4,771604395-milano-vicenza,"[Milano, Vicenza]",auto,online
65,https://www.blablacar.it/passaggio-milano-moneglia-770731450,2017-03-31,13:20:00,Milano,45.4780962,9.2256898,"Piazza Leonardo Da Vinci, Milano, Italia",Moneglia,44.239761,9.4893436,"Via Colombo, 1, 16030 Moneglia GE, Italia",17.5,208,2,3,770731450-milano-moneglia,"[Milano, Moneglia]",manual,online
66,https://www.blablacar.it/passaggio-milano-genova-760181830,2017-03-31,13:30:00,Milano,45.46549,9.18588,"Milano, MI",Genova,44.4060093,8.9465357,"Genova, GE",8.5,148,2,2,760181830-milano-genova,"[Anversa, Milano, Genova]",manual,online
67,https://www.blablacar.it/passaggio-milano-monaco-ville-770070685,2017-03-31,13:30:00,Milano,45.4837976,9.2032885,"Piazza Duca d'Aosta, 4, 20125 Milano, Italia",Monaco-Ville,43.7385095,7.4189879,"35 Pont Sainte-Dévote, 98000 Monaco",28.5,305,1,3,770070685-milano-monaco-ville,"[Milano, Monaco-Ville]",manual,online
68,https://www.blablacar.it/passaggio-milano-bologna-771264565,2017-03-31,13:30:12,Milano,45.439506146,9.224642515,"Corvetto M3, Milano",Bologna,44.5058833,11.3434217,"Bologna Centrale, Piazza delle Medaglie d'Oro, 40121 Bologna, It",17.5,207,4,4,771264565-milano-bologna,"[Milano, Bologna]",auto,online
69,https://www.blablacar.it/passaggio-milano-verona-771438255,2017-03-31,13:40:00,Milano,45.4670311,9.1496771,"De Angeli M1, Milano, MI",Verona,45.4383842,10.9916215,Verona,8.5,166,2,3,771438255-milano-verona,"[Milano, Verona, Padova]",auto,online
70,https://www.blablacar.it/passaggio-milano-recco-771880150,2017-03-31,13:50:00,Milano,45.4440653,9.1724989,"Piazza Serafino Belfanti, 20143 Milano, Italia",Recco,44.3614219,9.1437445,"16036 Recco GE, Italia",12.0,157,2,2,771880150-milano-recco,"[Milano, Recco, Rapallo]",auto,online
71,https://www.blablacar.it/passaggio-milano-domodossola-770451465,2017-03-31,14:00:00,Milano,45.5025695,9.1592531,"Milano Bovisa FNM, Milano, MI",Domodossola,46.113222,8.2919754,"Domodossola, VB",8.5,127,3,4,770451465-milano-domodossola,"[Milano, Domodossola, Métabief]",auto,online
72,https://www.blablacar.it/passaggio-milano-recanati-771042025,2017-03-31,14:00:00,Milano,45.4654219,9.1859243,"Milano, Italia",Recanati,43.4035649,13.5495324,"62019 Recanati MC, Italia",28.5,457,2,3,771042025-milano-recanati,"[Milano, Recanati]",manual,online
73,https://www.blablacar.it/passaggio-milano-grottammare-771743715,2017-03-31,14:00:00,Milano,45.4470768,9.2098737,"Piazzale Lodi, Milano, Italia",Grottammare,43.0019781,13.8682317,"Via Lame, 109, 63066 Grottammare AP, Italia",31.5,493,3,3,771743715-milano-grottammare,"[Milano, Grottammare, Pescara]",manual,online
74,https://www.blablacar.it/passaggio-milano-molfetta-755400870,2017-03-31,14:00:00,Milano,45.4858877,9.2042827,"Milano Centrale, Milano, MI",Molfetta,41.2027767,16.5987187,"Molfetta, BA",52.5,859,2,3,755400870-milano-molfetta,"[Milano, Molfetta, Terlizzi]",auto,online
75,https://www.blablacar.it/passaggio-milano-perugia-771269310,2017-03-31,14:00:59,Milano,45.4437333,9.1676768,"Romolo, 20143 Milano, Italia",Perugia,43.1091342,12.3599437,"Piazzale Umbria Jazz, 06125 Perugia, Italia",21.5,449,1,2,771269310-milano-perugia,"[Milano, Perugia, L'aquila]",manual,online
76,https://www.blablacar.it/passaggio-milano-savona-770118205,2017-03-31,14:20:00,Milano,45.4372427,9.1681331,"Famagosta, Milano, MI",Savona,44.3085131,8.4787992,"Piazza Goffredo Mameli, Savona, SV",12.0,164,2,3,770118205-milano-savona,"[Milano, Savona]",auto,online
77,https://www.blablacar.it/passaggio-milano-chiavari-772003305,2017-03-31,14:20:00,Milano,45.4372427,9.1681331,"Famagosta, Milano, MI",Chiavari,44.3168416,9.3199822,"Chiavari, GE",12.0,170,2,2,772003305-milano-chiavari,"[Milano, Chiavari]",auto,online
78,https://www.blablacar.it/passaggio-milano-rimini-772010115,2017-03-31,14:20:00,Milano,45.4926644,9.1926011,"Zara, Milano",Rimini,44.0678288,12.5695158,"Rimini RN, Italia",20.5,335,2,2,772010115-milano-rimini,"[Milano, Rimini, Fabriano]",manual,online
79,https://www.blablacar.it/passaggio-milano-torino-770894925,2017-03-31,14:30:00,Milano,45.465423584,9.18592453,"Milano, MI, Italia",Torino,45.0703125,7.68685627,"Torino, TO, Italia",8.5,144,1,3,770894925-milano-torino,"[Milano, Torino]",auto,online
80,https://www.blablacar.it/passaggio-milano-modena-770765385,2017-03-31,14:30:00,Milano,45.4409167,9.2226184,"Corvetto M3, Milano, MI",Modena,44.647128,10.9252269,"Modena, MO",9.5,171,3,3,770765385-milano-modena,"[Milano, Modena, Carpi]",auto,online
81,https://www.blablacar.it/passaggio-milano-venezia-770809820,2017-03-31,14:30:00,Milano,45.4654219,9.1859243,"Milano, MI",Venezia,45.4823244,12.2339898,"Mestre FS, Venezia, VE",16.5,263,1,3,770809820-milano-venezia,"[Milano, Venezia]",auto,online
82,https://www.blablacar.it/passaggio-milano-udine-771761530,2017-03-31,14:30:00,Milano,45.4798817,9.2249442,"Via Francesco d'Ovidio, 1, 20131 Milano, Italia",Udine,46.0776517,13.2359435,"Via Monte Grappa, 2, 33100 Udine UD, Italia",20.5,378,3,3,771761530-milano-udine,"[Milano, Udine]",auto,online
83,https://www.blablacar.it/passaggio-milano-viareggio-771780755,2017-03-31,14:30:00,Milano,45.47903,9.1443735,"Lotto M1-M5, Milano",Viareggio,43.8744375,10.2524954,"Stazione di Viareggio, Viareggio",20.5,269,3,3,771780755-milano-viareggio,"[Milano, Viareggio]",auto,online
84,https://www.blablacar.it/passaggio-milano-portoferraio-769990600,2017-03-31,14:30:00,Milano,45.4365307,9.1687066,"Milano - Famagosta, Milano, MI",Portoferraio,42.8108565,10.3211801,"Portoferraio, LI",25.0,426,1,2,769990600-milano-portoferraio,"[Milano, Portoferraio]",auto,online
85,https://www.blablacar.it/passaggio-milano-ponte-san-giovanni-771769125,2017-03-31,14:30:00,Milano,45.437393188,9.168777466,"Famagosta M2, Milano",Ponte San Giovanni,43.0918019,12.4382021,"Stazione Perugia Ponte San Giovanni, Perugia",27.5,453,2,2,771769125-milano-ponte-san-giovanni,"[Milano, Ponte San Giovanni]",manual,online
86,https://www.blablacar.it/passaggio-milano-torino-771823810,2017-03-31,14:30:03,Milano,45.4655,9.18588,Milano MM1 Amendola,Torino,45.0703,7.68654,Torino MM Massaua,10.5,146,4,4,771823810-milano-torino,"[Milano, Torino]",auto,online
87,https://www.blablacar.it/passaggio-milano-bologna-770462020,2017-03-31,14:40:52,Milano,45.4654219,9.1859243,"Milano, Italia",Bologna,44.494887,11.3426163,"Bologna, Italia",9.5,216,4,4,770462020-milano-bologna,"[Milano, Bologna, Gatteo]",manual,online
88,https://www.blablacar.it/passaggio-milano-verona-771533220,2017-03-31,14:50:00,Milano,45.48604357,9.216095656,"Loreto M1-M2, Milano",Verona,45.4077642,10.9730458,"Largo Perlar, Verona",7.5,153,2,2,771533220-milano-verona,"[Milano, Verona, Graz]",manual,online
89,https://www.blablacar.it/passaggio-milano-vinovo-765378980,2017-03-31,15:00:00,Milano,45.4474144,9.1751304,"Via Giosuè Borsi, 20143 Milano, Italia",Vinovo,44.9427746,7.6372008,"Via Carignano, 10048 Vinovo TO, Italia",10.5,168,3,3,765378980-milano-vinovo,"[Milano, Vinovo]",manual,online
90,https://www.blablacar.it/passaggio-milano-savona-767508530,2017-03-31,15:00:00,Milano,45.4365307,9.1687066,"Milano - Famagosta, Milano, MI",Savona,44.30867,8.4789995,"Savona - Piazza Mameli, Savona, SV",12.0,164,2,3,767508530-milano-savona,"[Milano, Savona]",auto,online
91,https://www.blablacar.it/passaggio-milano-sassuolo-771778205,2017-03-31,15:00:00,Milano,45.4372427,9.1681331,"Famagosta, 20142 Milano, Italia",Sassuolo,44.54433,10.7847741,"41049 Sassuolo MO, Italia",13.0,188,3,3,771778205-milano-sassuolo,"[Milano, Sassuolo]",auto,online
92,https://www.blablacar.it/passaggio-milano-carrara-769372600,2017-03-31,15:00:00,Milano,45.4515142,9.2030248,"Porta Romana, 20135 Milano, Italia",Carrara,44.0513078,10.0628954,"Stazione Carrara-Avenza, Carrara",17.5,228,2,2,769372600-milano-carrara,"[Milano, Carrara]",auto,online
93,https://www.blablacar.it/passaggio-milano-trento-771922490,2017-03-31,15:00:00,Milano,45.4820665,9.1687167,"Piazza Antonio Gramsci, Milano, MI",Trento,46.095106,11.116921,"Trento Nord, Trento, TN",18.5,232,1,2,771922490-milano-trento,"[Milano, Trento, Brunico]",manual,online
94,https://www.blablacar.it/passaggio-mailand-antibes-769366695,2017-03-31,15:00:00,Milano,45.4654219,9.1859243,"Mailand, Italien",Antibes,43.6030766,7.0854578,"Chemin de Saint-Claude, 06600 Antibes, Frankreich",20.5,341,1,3,769366695-mailand-antibes,"[Grafrath, Milano, Antibes]",auto,online
95,https://www.blablacar.it/passaggio-milano-novafeltria-771736305,2017-03-31,15:00:00,Milano,45.490076,9.1885292,"Via Ugo Bassi, 74, 20159 Milano, Italia",Novafeltria,43.898753,12.289193,"Novafeltria INPS, 47863 Novafeltria RN, Italia",21.5,347,3,3,771736305-milano-novafeltria,"[Milano, Novafeltria]",manual,online
96,https://www.blablacar.it/passaggio-milano-suvereto-764726480,2017-03-31,15:00:00,Milano,45.4654219,9.1859243,"Milano, MI",Suvereto,43.0766833,10.6784441,"Suvereto, LI",26.5,380,3,3,764726480-milano-suvereto,"[Milano, Suvereto]",manual,online
97,https://www.blablacar.it/passaggio-milano-ancona-770028425,2017-03-31,15:00:00,Milano,45.48548,9.238142,"Lambrate M2, Milano",Ancona,43.6158299,13.518915,"Ancona, AN",27.5,439,2,4,770028425-milano-ancona,"[Milano, Ancona, Piediripa]",manual,online
98,https://www.blablacar.it/passaggio-milano-mannheim-766923155,2017-03-31,15:00:00,Milano,45.4654219,9.1859243,milano,Mannheim,49.4874592,8.4660395,"Mannheim, Germania",36.0,595,2,2,766923155-milano-mannheim,"[Milano, Mannheim]",manual,online
99,https://www.blablacar.it/passaggio-milano-ravenna-770303370,2017-03-31,15:00:06,Milano,45.4654,9.18592,Milano,Ravenna,44.4184,12.2035,Ravenna,19.5,296,2,3,770303370-milano-ravenna,"[Milano, Ravenna]",manual,online
100,https://www.blablacar.it/passaggio-milano-sestri-levante-770215325,2017-03-31,15:00:43,Milano,45.472171,9.2051853,"Porta Venezia, Milano, Italia",Sestri Levante,44.2763694,9.3975516,"Stazione Ferroviaria di Sestri Levante, Piazza Nuova Stazione, 7",13.0,188,1,1,770215325-milano-sestri-levante,"[Milano, Sestri Levante]",auto,online
101,https://www.blablacar.it/passaggio-milano-vicenza-771667435,2017-03-31,15:00:47,Milano,45.4654219,9.1859243,"Milano, Italia",Vicenza,45.5454787,11.5354214,Vicenza,16.5,207,3,3,771667435-milano-vicenza,"[Milano, Vicenza, Treviso]",manual,online
102,https://www.blablacar.it/passaggio-milano-marina-di-carrara-770726375,2017-03-31,15:00:52,Milano,45.4654219,9.1859243,"Milano, Italia",Marina Di Carrara,44.0359679,10.0438256,"54033 Marina di Carrara MS, Italia",17.5,234,1,1,770726375-milano-marina-di-carrara,"[Milano, Marina Di Carrara]",manual,online
103,https://www.blablacar.it/passaggio-milano-perugia-769770395,2017-03-31,15:00:52,Milano,45.4532979,9.1695933,"Milano Porta Genova, Piazzale Stazione Genova, 4, 20144 Milano, ",Perugia,43.1107168,12.3908279,"Perugia, Italia",25.0,454,1,3,769770395-milano-perugia,"[Milano, Perugia, Casa Del Diavolo]",manual,online
104,https://www.blablacar.it/passaggio-milano-genova-771621440,2017-03-31,15:20:00,Milano,45.4654,9.18592,"Milano, Italia",Genova,44.4057,8.94626,"Genova, Italia",9.5,148,2,2,771621440-milano-genova,"[Milano, Genova]",auto,online
105,https://www.blablacar.it/passaggio-milano-silea-770634090,2017-03-31,15:20:00,Milano,45.4444267,9.1675196,"Viale Romolo, 2, 20143 Milano, Italia",Silea,45.6515544,12.3070155,"Treviso Sud (Emisfero), Treviso",20.5,304,1,2,770634090-milano-silea,"[Milano, Silea]",manual,online
106,https://www.blablacar.it/passaggio-milano-genova-771686220,2017-03-31,15:30:00,Milano,45.437728,9.168557,"Famagosta M2, 20142 Milano, Italia",Genova,44.4148432,8.8969427,"Sampierdarena, Genova, Italia",7.5,137,2,3,771686220-milano-genova,"[Milano, Genova]",auto,online
107,https://www.blablacar.it/passaggio-milano-rimini-767523580,2017-03-31,15:30:00,Milano,45.4849362,9.235573,"Piazza Enrico Bottini, 3, 20131 Milano, Italia",Rimini,44.022986,12.619513,"Aeroporto, Rimini",18.5,332,4,4,767523580-milano-rimini,"[Milano, Rimini]",auto,online
108,https://www.blablacar.it/passaggio-milano-nizza-771673040,2017-03-31,15:30:00,Milano,45.4437333,9.1676768,"Romolo, 20143 Milano, Italia",Nizza,43.7317124,7.2540338,"Boulevard Henri Sappia, Nizza, Francia",27.5,309,2,3,771673040-milano-nizza,"[Milano, Nizza, Cannes]",auto,online
109,https://www.blablacar.it/passaggio-milano-brescia-771773100,2017-03-31,15:40:00,Milano,45.465423584,9.18592453,"Milano, Italia",Brescia,45.541553497,10.211801529,"Brescia BS, Italia",5.5,92,2,4,771773100-milano-brescia,"[Vigevano, Milano, Brescia, Arzignano]",manual,online
110,https://www.blablacar.it/passaggio-milano-pesaro-771347475,2017-03-31,15:40:00,Milano,45.4404073,9.2238698,"Corvetto, 20139 Milano, Italia",Pesaro,43.8892414,12.89065,"A14 - Autostrada Adriatica, 61122 Pesaro PU, Italia",24.0,384,1,2,771347475-milano-pesaro,"[Milano, Pesaro, Grancetta]",manual,online
111,https://www.blablacar.it/passaggio-milano-alessandria-768508990,2017-03-31,15:50:00,Milano,45.4648586,9.178169,"Via Nirone, 10, 20123 Milano, Italia",Alessandria,44.91216,8.60997,"Via Gramsci Antonio, 2, 15121 Alessandria AL, Italia",6.5,96,2,2,768508990-milano-alessandria,"[Stadtallendorf, Milano, Alessandria, Castelletto Uzzone]",manual,online
112,https://www.blablacar.it/passaggio-milan-domodossola-770420810,2017-03-31,16:00:00,Milano,45.47903,9.1443735,"Lotto M1-M5, Milano",Domodossola,46.113222,8.2919754,"Domodossola, Province of Verbano-Cusio-Ossola, Italy",8.5,124,2,3,770420810-milan-domodossola,"[Milano, Domodossola, Évian-Les-Bains]",manual,online
113,https://www.blablacar.it/passaggio-milano-a1-autostrada-del-sole-43122-parma-pr-italia-771472880,2017-03-31,16:00:00,Milano,45.483970642,9.206096649,"Centrale, Milano, Italia","A1 - Autostrada del Sole, 43122 Parma PR, Italia",44.839130402,10.336242676,"A1 - Autostrada del Sole, 43122 Parma PR, Italia",8.5,123,4,4,771472880-milano-a1-autostrada-del-sole-43122-parma-pr-italia,"[Milano, Guastalla]",manual,online
114,https://www.blablacar.it/passaggio-milano-alba-771091650,2017-03-31,16:00:00,Milano,45.4372427,9.1681331,famagosta,Alba,44.7009153,8.0356911,alba,10.5,147,3,3,771091650-milano-alba,"[Linate, Milano, Alba]",auto,online
115,https://www.blablacar.it/passaggio-milano-pisa-771232160,2017-03-31,16:00:00,Milano,45.4654219,9.1859243,"Milano, Italia",Pisa,43.7228386,10.4016888,"Pisa PI, Italia",17.5,282,1,3,771232160-milano-pisa,"[Milano, Pisa, Bientina]",manual,online
116,https://www.blablacar.it/passaggio-milano-ravenna-770013370,2017-03-31,16:00:00,Milano,45.4654219,9.1859243,"Milano, MI",Ravenna,44.4183598,12.2035294,"Ravenna, RA",17.5,296,2,4,770013370-milano-ravenna,"[Milano, Ravenna]",manual,online
117,https://www.blablacar.it/passaggio-milano-ascoli-piceno-771086895,2017-03-31,16:00:00,Milano,45.4620909,9.2068494,"Piazza Cinque Giornate, Milano, MI",Ascoli Piceno,42.8552401,13.5880378,"Piazza Stazione, Ascoli Piceno, AP",32.5,538,1,3,771086895-milano-ascoli-piceno,"[Milano, Ascoli Piceno]",auto,online
118,https://www.blablacar.it/passaggio-milano-alba-771227860,2017-03-31,16:00:06,Milano,45.4551249,9.1523486,"Piazza Simone Bolivar, 20146 Milano, Italia",Alba,44.693827,8.016286,"Erg, Alba",10.5,149,3,3,771227860-milano-alba,"[Milano, Alba, Bra]",manual,online
119,https://www.blablacar.it/passaggio-milano-ravenna-771472520,2017-03-31,16:00:23,Milano,45.4515142,9.2030248,"Porta Romana, 20135 Milano, Italia",Ravenna,44.4189711,12.2072077,"Stazione ferroviaria, Ravenna",17.5,287,3,3,771472520-milano-ravenna,"[Milano, Ravenna]",auto,online
120,https://www.blablacar.it/passaggio-milano-savona-771122415,2017-03-31,16:00:33,Milano,45.437728,9.168557,"Famagosta M2, 20142 Milano, Italia",Savona,44.2991216,8.4712739,"Corso Vittorio Veneto, 17100 Savona SV, Italia",10.5,172,1,3,771122415-milano-savona,"[Milano, Savona]",auto,online
121,https://www.blablacar.it/passaggio-milano-pisa-769524170,2017-03-31,16:00:53,Milano,45.4621099,9.2310372,"Viale Corsica, Milano, Italia",Pisa,43.708877,10.399102,"Pisa Stazione Fs, 56121 Pisa PI, Italia",17.5,285,1,3,769524170-milano-pisa,"[Milano, Pisa]",manual,online
122,https://www.blablacar.it/passaggio-milano-parma-758053655,2017-03-31,16:10:00,Milano,45.4372427,9.1681331,famagosta,Parma,44.801485,10.3279036,parma,6.5,128,1,1,758053655-milano-parma,"[Milano, Parma, Roma]",manual,online
123,https://www.blablacar.it/passaggio-milano-verona-770836335,2017-03-31,16:10:00,Milano,45.4811142,9.1620024,"Domodossola, Milano, MI",Verona,45.4383842,10.9916215,"Verona, VR",9.5,166,2,2,770836335-milano-verona,"[Milano, Verona, Montagnana]",manual,online
124,https://www.blablacar.it/passaggio-milano-santo-stefano-di-magra-771013250,2017-03-31,16:10:00,Milano,45.4800336,9.142841,"Piazzale Lorenzo Lotto, Milano, MI, Italia",Santo Stefano Di Magra,44.1613458,9.9156487,"Santo Stefano di Magra, SP",14.0,232,3,3,771013250-milano-santo-stefano-di-magra,"[Milano, Santo Stefano Di Magra]",auto,online
125,https://www.blablacar.it/passaggio-milano-ancona-767541865,2017-03-31,16:20:00,Milano,45.4619676,9.2216754,"Piazza Giuseppe Grandi, 24, Milano, MI",Ancona,43.6073207,13.4978491,"Ancona Stazione F.s, Ancona, AN",29.5,425,3,3,767541865-milano-ancona,"[Milano, Ancona]",manual,online
126,https://www.blablacar.it/passaggio-milano-torino-770453205,2017-03-31,16:30:00,Milano,45.4515142,9.2030248,"Porta Romana, Milano, MI",Torino,45.0269345,7.6241978,"Corso L. Settembrini, Torino, TO",8.5,176,4,4,770453205-milano-torino,"[Milano, Torino]",manual,online
127,https://www.blablacar.it/passaggio-milano-genova-772020785,2017-03-31,16:30:00,Milano,45.437400818,9.164819717,"Famagosta, Milano, MI, Italia",Genova,44.406600952,8.946840286,"Genova Brignole, Piazza Giuseppe Verdi, Genova, GE, Italia",10.5,140,3,3,772020785-milano-genova,"[Milano, Genova]",manual,online
128,https://www.blablacar.it/passaggio-milano-recco-771387035,2017-03-31,16:30:00,Milano,45.437393188,9.168777466,"Famagosta M2, Milano",Recco,44.3611406,9.1463289,"Stazione F.S., Recco",12.0,156,3,4,771387035-milano-recco,"[Milano, Recco]",manual,online
129,https://www.blablacar.it/passaggio-milano-loano-771029120,2017-03-31,16:30:00,Milano,45.4843046,9.1876802,Milano stazione Porta Garibaldi,Loano,44.1306408,8.2609671,"Loano, SV",13.0,204,1,4,771029120-milano-loano,"[Milano, Loano]",manual,online
130,https://www.blablacar.it/passaggio-milan-padoue-768140515,2017-03-31,16:30:00,Milano,45.465423584,9.18592453,"Milan, Italie",Padova,45.416793823,11.881027222,"Stazione Centrale, Padova",15.0,235,1,1,768140515-milan-padoue,"[Ginevra, Milano, Padova]",manual,online
131,https://www.blablacar.it/passaggio-milano-ferrara-770163715,2017-03-31,16:30:00,Milano,45.4304199,9.1763022,"Piazza Abbiategrasso, Milano, MI",Ferrara,44.8428429,11.6035498,"Stazione ferroviaria, Ferrara",17.5,256,2,3,770163715-milano-ferrara,"[Milano, Ferrara]",auto,online
132,https://www.blablacar.it/passaggio-milano-viareggio-771520090,2017-03-31,16:30:00,Milano,45.437393188,9.168777466,"Famagosta M2, Milano",Viareggio,43.873882294,10.252418518,"Stazione, 55049 Viareggio LU, Italia",17.5,263,1,3,771520090-milano-viareggio,"[Milano, Viareggio]",manual,online
133,https://www.blablacar.it/passaggio-milano-courmayeur-769375665,2017-03-31,16:30:00,Milano,45.479030609,9.144373894,"Lotto M1-M5, Milano",Courmayeur,45.791137695,6.969822407,"Str. Dolonne Courmayeur, 11013 Courmayeur AO, Italia",18.5,213,2,2,769375665-milano-courmayeur,"[Milano, Courmayeur]",manual,online
134,https://www.blablacar.it/passaggio-milano-fornacette-770808575,2017-03-31,16:30:00,Milano,45.465400696,9.185919762,"Milano, Italia",Fornacette,43.670600891,10.581199646,"56012 Fornacette PI, Italia",23.0,302,2,3,770808575-milano-fornacette,"[Milano, Fornacette]",manual,online
135,https://www.blablacar.it/passaggio-milano-senigallia-768806235,2017-03-31,16:30:00,Milano,45.4858877,9.2042827,"Milano Centrale, Piazza Duca d'Aosta, 1, 20124 Milano, Italia",Senigallia,43.7010795,13.2045362,"Strada Provinciale 360 Arceviese, 13A, 60019 Senigallia AN, Ital",24.0,397,2,2,768806235-milano-senigallia,"[Milano, Senigallia]",manual,online
136,https://www.blablacar.it/passaggio-milano-via-della-repubblica-28021-borgomanero-no-italia-769987965,2017-03-31,16:30:36,Milano,45.4532979,9.1695933,"Milano Porta Genova, Piazzale Stazione Genova, 4, 20144 Milano, ","Via della Repubblica, 28021 Borgomanero NO, Italia",45.7162449,8.4480415,"Via della Repubblica, 28021 Borgomanero NO, Italia",6.5,75,3,3,769987965-milano-via-della-repubblica-28021-borgomanero-no-italia,[Milano],manual,online
137,https://www.blablacar.it/passaggio-milano-rapallo-771497605,2017-03-31,16:50:00,Milano,45.4654219,9.1859243,"Milano, MI",Rapallo,44.350563,9.231411,"Rapallo F.S. capolinea, Rapallo, GE",10.5,170,3,3,771497605-milano-rapallo,"[Milano, Rapallo]",auto,online
138,https://www.blablacar.it/passaggio-milano-piacenza-768021695,2017-03-31,17:00:00,Milano,45.4839709,9.2060969,"Centrale, Milano, Italia",Piacenza,45.052619934,9.692984581,Piacenza,6.5,73,3,3,768021695-milano-piacenza,"[Milano, Piacenza, Reggio Emilia]",manual,online
139,https://www.blablacar.it/passaggio-milano-brescia-771476355,2017-03-31,17:00:00,Milano,45.4974651,9.1687429,"Viale L. Bodio, Milano, MI",Brescia,45.5415526,10.2118019,"Brescia, BS",7.5,102,3,3,771476355-milano-brescia,"[Milano, Brescia, Legnago]",manual,online
140,https://www.blablacar.it/passaggio-milan-lugano-770211760,2017-03-31,17:00:00,Milano,45.4654219,9.1859243,"Milan, Italie",Lugano,46.0036778,8.951052,"Lugano, Suisse",7.5,79,1,1,770211760-milan-lugano,"[Milano, Lugano, Ginevra]",manual,online
141,https://www.blablacar.it/passaggio-milano-sirmione-771734150,2017-03-31,17:00:00,Milano,45.48604357,9.216095656,"Loreto M1-M2, Milano",Sirmione,45.4580926,10.6353803,"Via Verona, 147, 25019 Sirmione BS, Italia",8.5,130,3,3,771734150-milano-sirmione,"[Milano, Sirmione]",auto,online
142,https://www.blablacar.it/passaggio-milan-bellinzona-771811135,2017-03-31,17:00:00,Milano,45.4654219,9.1859243,"Milán, Italia",Bellinzona,46.19506,9.0289874,"Bellinzona, Bellinzona",8.5,112,1,1,771811135-milan-bellinzona,"[Milano, Bellinzona]",manual,online
143,https://www.blablacar.it/passaggio-milano-sondrio-770680235,2017-03-31,17:00:00,Milano,45.4913078,9.2370671,"Piazzale Udine, Milano, MI",Sondrio,46.1698583,9.8787674,Sondrio,9.5,134,3,3,770680235-milano-sondrio,"[Milano, Sondrio, Tirano]",manual,online
144,https://www.blablacar.it/passaggio-milano-verona-770585705,2017-03-31,17:00:00,Milano,45.4437333,9.1676768,"Romolo, 20143 Milano, Italia",Verona,45.4468082,11.0289194,"Via Montorio, 37131 Verona VR, Italia",9.5,189,3,3,770585705-milano-verona,"[Milano, Verona]",auto,online
145,https://www.blablacar.it/passaggio-milano-courmayeur-771873360,2017-03-31,17:00:00,Milano,45.4858877,9.2042827,"Milano Centrale, Piazza Duca d'Aosta, 1, 20124 Milano, Italia",Courmayeur,45.7935582,6.970983,"Viale Monte Bianco, 11013 Courmayeur AO, Italia",14.0,220,4,4,771873360-milano-courmayeur,"[Milano, Courmayeur]",manual,online
146,https://www.blablacar.it/passaggio-milano-pinzolo-770115240,2017-03-31,17:00:00,Milano,45.4654219,9.1859243,"Milano Rogoredo FS/MM, Milano San Donato MM",Pinzolo,46.1597701,10.7650269,"Pinzolo, TN",15.0,201,3,3,770115240-milano-pinzolo,"[Milano, Pinzolo]",auto,online
147,https://www.blablacar.it/passaggio-milano-lucca-771644295,2017-03-31,17:00:00,Milano,45.4654219,9.1859243,"Milano, MI",Lucca,43.8430785,10.5027198,"Lucca, LU",17.5,283,1,3,771644295-milano-lucca,"[Milano, Lucca, Pistoia]",auto,online
148,https://www.blablacar.it/passaggio-milano-forli-770183360,2017-03-31,17:00:00,Milano,45.4371,9.16153,"Viale Famagosta, Milano, MI, Italia",Forlì,44.2228,12.0407,"Forlì FC, Italia (forlimpopoli)",17.5,289,2,3,770183360-milano-forli,"[Milano, Forlì]",auto,online
149,https://www.blablacar.it/passaggio-milano-lido-di-camaiore-771851635,2017-03-31,17:00:00,Milano,45.4654219,9.1859243,"Milano, MI",Lido Di Camaiore,43.9050586,10.2291725,"Lido di Camaiore, LU",17.5,257,3,3,771851635-milano-lido-di-camaiore,"[Milano, Lido Di Camaiore]",manual,online
150,https://www.blablacar.it/passaggio-milan-chamonix-mont-blanc-758529365,2017-03-31,17:00:00,Milano,45.4654219,9.1859243,"Milan, Italie",Chamonix-Mont-Blanc,45.923697,6.869433,Chamonix-Mont-Blanc,21.5,242,4,4,758529365-milan-chamonix-mont-blanc,"[Milano, Chamonix-Mont-Blanc, Le Grand-Bornand]",manual,online
151,https://www.blablacar.it/passaggio-milano-rimini-769577860,2017-03-31,17:00:00,Milano,45.5046866,9.1800111,"Dergano M3, Milano, MI",Rimini,44.0404761,12.5616229,"A14, Rimini, RN",23.0,345,2,2,769577860-milano-rimini,"[Milano, Rimini, Civitanova Marche]",manual,online
152,https://www.blablacar.it/passaggio-milano-aspio-terme-771736685,2017-03-31,17:00:00,Milano,45.4654219,9.1859243,"Milano, Italia",Aspio Terme,43.529330151,13.519937396,"Ancona Sud (IKEA), Ancona",26.5,433,1,1,771736685-milano-aspio-terme,"[Milano, Aspio Terme]",manual,online
153,https://www.blablacar.it/passaggio-milano-foligno-769088370,2017-03-31,17:00:00,Milano,45.4844397,9.2026128,"Centrale FS, Milano",Foligno,42.9672179,12.6939387,"IP, Foligno",29.5,475,3,3,769088370-milano-foligno,"[Milano, Foligno]",manual,online
154,https://www.blablacar.it/passaggio-milano-chambery-763444630,2017-03-31,17:00:31,Milano,45.4890244,9.1559801,"Via Lorenzo Bartolini, 1, 20155 Milano, Italia",Chambéry,45.564601,5.917781,Chambéry,31.5,338,2,3,763444630-milano-chambery,"[Milano, Chambéry, Clermont-Ferrand]",manual,online
155,https://www.blablacar.it/passaggio-milano-cesena-770331390,2017-03-31,17:00:41,Milano,45.4654,9.18592,"Milano, Italia",Cesena,44.1396438,12.2464292,"Cesena FC, Italia",17.5,305,1,3,770331390-milano-cesena,"[Milano, Cesena]",manual,online
156,https://www.blablacar.it/passaggio-milano-rimini-771197890,2017-03-31,17:10:00,Milano,45.4654219,9.1859243,Milano,Rimini,44.0678288,12.5695158,Rimini,23.0,333,3,3,771197890-milano-rimini,"[Milano, Rimini]",auto,online
157,https://www.blablacar.it/passaggio-milano-civitanova-marche-771106540,2017-03-31,17:10:00,Milano,45.458626,9.181873,Milano,Civitanova Marche,43.3092173,13.7259454,"Civitanova M., 62012 Civitanova Marche MC, Italia",26.5,464,3,3,771106540-milano-civitanova-marche,"[Stoccarda, Milano, Civitanova Marche]",manual,online
158,https://www.blablacar.it/passaggio-milano-morbegno-771741635,2017-03-31,17:10:28,Milano,45.481365,9.1623583,"Via Domodossola, 9a, 20145 Milano, Italia",Morbegno,46.1333211,9.5663993,"Via Rivolta, 30, 23017 Morbegno SO, Italia",6.5,113,3,3,771741635-milano-morbegno,"[Milano, Morbegno]",auto,online
159,https://www.blablacar.it/passaggio-milano-lugano-769307085,2017-03-31,17:20:00,Milano,45.437728,9.168557,"Famagosta M2, 20142 Milano, Italia",Lugano,46.0054989,8.9468486,"Lugano, Lugano",8.5,89,2,2,769307085-milano-lugano,"[Perugia, Milano, Lugano]",manual,online
160,https://www.blablacar.it/passaggio-milano-massarosa-769789880,2017-03-31,17:20:00,Milano,45.47903,9.1443735,"Lotto M1-M5, Milano",Massarosa,43.880564,10.320752,"Via Sarzanese Nord, 2195, 55054 Massarosa LU, Italia",17.5,271,1,3,769789880-milano-massarosa,"[Milano, Massarosa]",manual,online
161,https://www.blablacar.it/passaggio-milano-parma-769855350,2017-03-31,17:30:00,Milano,45.4654219,9.1859243,"Milano, MI",Parma,44.801485,10.3279036,"Parma, PR",7.5,128,2,3,769855350-milano-parma,"[Cossato, Milano, Parma, Cesena]",manual,online
162,https://www.blablacar.it/passaggio-milano-mantova-769760420,2017-03-31,17:30:00,Milano,45.4842475,9.2348298,"Lambrate Fs, 20131 Milano, Italia",Mantova,45.1493857,10.7896039,"Viale Risorgimento, 43, 46100 Mantova MN, Italia",10.5,182,2,2,769760420-milano-mantova,"[Milano, Mantova]",auto,online
163,https://www.blablacar.it/passaggio-milano-verona-769930730,2017-03-31,17:30:00,Milano,45.4843425,9.2347009,"Lambrate Fs, Milano, MI",Verona,45.4307056,10.9823106,"Piazzale XXV Aprile, Verona, VR",10.5,158,3,3,769930730-milano-verona,"[Milano, Verona, Rovigo]",manual,online
164,https://www.blablacar.it/passaggio-milano-casalecchio-di-reno-769869610,2017-03-31,17:30:00,Milano,45.4470768,9.2098737,"Piazzale Lodi, Milano, Italia",Casalecchio Di Reno,44.4782469,11.2773797,"40033 Casalecchio di Reno BO, Italia",12.0,204,2,3,769869610-milano-casalecchio-di-reno,"[Milano, Casalecchio Di Reno]",manual,online
165,https://www.blablacar.it/passaggio-milano-viareggio-770188695,2017-03-31,17:30:00,Milano,45.4654219,9.1859243,"Milano, MI",Viareggio,43.873895,10.2525054,"Viareggio, LU",17.5,263,3,3,770188695-milano-viareggio,"[Milano, Viareggio]",auto,online
166,https://www.blablacar.it/passaggio-milano-portogruaro-771550855,2017-03-31,17:30:00,Milano,45.437393188,9.168777466,"Famagosta M2, Milano",Portogruaro,45.7924662,12.8178755,"Carrefour Carburanti - Via Prati Guori, Portogruaro",20.5,339,2,3,771550855-milano-portogruaro,"[Milano, Portogruaro]",manual,online
167,https://www.blablacar.it/passaggio-milano-siena-771465205,2017-03-31,17:30:00,Milano,45.437393188,9.168777466,"Famagosta M2, Milano",Siena,43.3318,11.3226432,"Stazione Ferroviaria Siena, 53100 Siena SI, Italia",21.5,363,2,2,771465205-milano-siena,"[Milano, Siena]",manual,online
168,https://www.blablacar.it/passaggio-milano-arma-di-taggia-771840335,2017-03-31,17:30:00,Milano,45.447795868,9.198254585,"Via Francesco Soave, 8, 20135 Milano, Italia",Arma Di Taggia,43.83531189,7.853916168,"Eni Carburanti - Via Aurelia Ponente, Taggia",21.5,258,1,3,771840335-milano-arma-di-taggia,"[Milano, Arma Di Taggia]",manual,online
169,https://www.blablacar.it/passaggio-milano-udine-771887245,2017-03-31,17:30:00,Milano,45.4654,9.18592,"Milano, MI",Udine,46.0711,13.2346,"Udine, UD",23.0,382,1,1,771887245-milano-udine,"[Milano, Udine]",manual,online
170,https://www.blablacar.it/passaggio-milano-genova-768654135,2017-03-31,17:30:22,Milano,45.4858877,9.2042827,"Milano Centrale, Piazza Duca d'Aosta, 1, 20124 Milano, Italia",Genova,44.408512,8.9214392,"Calata Molo Vecchio, 16128 Genova, Italia",8.5,149,1,4,768654135-milano-genova,"[Milano, Genova]",auto,online
171,https://www.blablacar.it/passaggio-milano-a14-autostrada-adriatica-47841-cattolica-rn-italia-771005390,2017-03-31,17:30:38,Milano,45.4470768,9.2098737,"Piazzale Lodi, Milano, Italia","A14 - Autostrada Adriatica, 47841 Cattolica RN, Italia",43.9509002,12.7398044,"A14 - Autostrada Adriatica, 47841 Cattolica RN, Italia",23.0,338,1,1,771005390-milano-a14-autostrada-adriatica-47841-cattolica-rn-italia,[Milano],manual,online
172,https://www.blablacar.it/passaggio-milano-torino-768657835,2017-03-31,17:40:00,Milano,45.4654,9.18592,milano,Torino,45.0703,7.68686,torino,8.5,146,1,3,768657835-milano-torino,"[Milano, Torino, Grenoble]",manual,online
173,https://www.blablacar.it/passaggio-milano-asti-765823865,2017-03-31,17:40:00,Milano,45.437244415,9.168132782,"Famagosta, 20142 Milano, Italia",Asti,44.900753021,8.206425667,"14100 Asti AT, Italia",9.5,119,3,3,765823865-milano-asti,"[Milano, Asti]",auto,online
174,https://www.blablacar.it/passaggio-milano-bologna-771333760,2017-03-31,17:40:00,Milano,45.437728,9.168557,"Famagosta M2, Milano, MI",Bologna,44.5054929,11.3427917,"Bologna Stazione Centrale, Bologna, BO",14.0,216,3,3,771333760-milano-bologna,"[Milano, Bologna]",manual,online
175,https://www.blablacar.it/passaggio-milano-bologna-770451755,2017-03-31,17:40:00,Milano,45.4654219,9.1859243,"Milano, MI",Bologna,44.494887,11.3426163,"Bologna, BO",15.0,216,2,2,770451755-milano-bologna,"[Milano, Bologna, Teramo]",manual,online
176,https://www.blablacar.it/passaggio-milano-treviso-771712795,2017-03-31,17:40:00,Milano,45.4654219,9.1859243,"Milano, MI",Treviso,45.6668893,12.2430437,"Treviso, TV",17.5,286,3,3,771712795-milano-treviso,"[Milano, Treviso]",manual,online
177,https://www.blablacar.it/passaggio-milano-varese-769385060,2017-03-31,17:40:51,Milano,45.4539881,9.1589304,"Via Solari Via Stendhal, 20144 Milano, Italia",Varese,45.8129138,8.7824798,"Lissago, 21100 Varese VA, Italia",5.5,57,3,3,769385060-milano-varese,"[Milano, Varese]",manual,online
178,https://www.blablacar.it/passaggio-milano-carrara-771293800,2017-03-31,17:50:00,Milano,45.437728,9.168557,"Famagosta M2, Milano, MI",Carrara,44.0793245,10.097677,"Carrara, MS",17.5,238,1,2,771293800-milano-carrara,"[Castellanza, Milano, Carrara]",manual,online
179,https://www.blablacar.it/passaggio-milano-pisa-771479830,2017-03-31,17:50:00,Milano,45.4842475,9.2348298,"Lambrate Fs, Milano, MI",Pisa,43.7229339,10.4023535,"Porta A Lucca Fr.Incr. Via Bianchi, Pisa, PI",18.5,280,1,2,771479830-milano-pisa,"[Milano, Pisa]",auto,online
180,https://www.blablacar.it/passaggio-milano-quarto-d-altino-768235415,2017-03-31,17:50:11,Milano,45.480546,9.1881067,"Piazza Venticinque Aprile, 10, 20100 Milano, Italia",Quarto D'altino,45.574745,12.365271,"Via Stazione, 155, 30020 Quarto d'Altino VE, Italia",19.5,278,1,2,768235415-milano-quarto-d-altino,"[Milano, Quarto D'altino]",auto,online
181,https://www.blablacar.it/passaggio-milano-concesio-767480095,2017-03-31,17:50:12,Milano,45.4874759,9.1714607,"Cenisio, 20154 Milano, Italia",Concesio,45.6040458,10.2161027,"Via Europa, 25062 Concesio BS, Italia",7.5,98,3,3,767480095-milano-concesio,"[Milano, Concesio, Livemmo]",manual,online
182,https://www.blablacar.it/passaggio-milano-pavia-771026130,2017-03-31,18:00:00,Milano,45.4571835,9.2407139,"Piazza Ovidio, Milano, MI",Pavia,45.1847248,9.1582069,"Pavia, PV",3.0,41,3,3,771026130-milano-pavia,"[Milano, Pavia]",manual,online
183,https://www.blablacar.it/passaggio-milano-parma-761886590,2017-03-31,18:00:00,Milano,45.465400696,9.185919762,"Milano, Italia",Parma,44.801498413,10.327899933,"Parma PR, Italia",7.5,132,1,1,761886590-milano-parma,"[Milano, Parma]",auto,online
184,https://www.blablacar.it/passaggio-milano-brescia-771488815,2017-03-31,18:00:00,Milano,45.4837695,9.2031769,"Piazza Duca d'Aosta, 2, 20125 Milano, Italia",Brescia,45.5415526,10.2118019,"Brescia BS, Italia",7.5,94,3,3,771488815-milano-brescia,"[Milano, Brescia, Montichiari]",auto,online
185,https://www.blablacar.it/passaggio-milano-torino-770226370,2017-03-31,18:00:00,Milano,45.4836397,9.1867424,"Garibaldi Fs, Milano, MI",Torino,45.0757738,7.6438104,"Piazza Rivoli, Torino, TO",8.5,149,1,3,770226370-milano-torino,"[Milano, Torino]",manual,online
186,https://www.blablacar.it/passaggio-milano-reggio-emilia-771642420,2017-03-31,18:00:00,Milano,45.48548,9.238142,"Lambrate M2, Milano",Reggio Emilia,44.6989932,10.6296859,Reggio Emilia,9.5,152,3,3,771642420-milano-reggio-emilia,"[Milano, Reggio Emilia, Bologna]",auto,online
187,https://www.blablacar.it/passaggio-milano-la-spezia-768743150,2017-03-31,18:00:00,Milano,45.4654219,9.1859243,"Milano, Italia",La Spezia,44.1024504,9.8240826,"La Spezia SP, Italia",10.5,225,1,2,768743150-milano-la-spezia,"[Milano, La Spezia]",manual,online
188,https://www.blablacar.it/passaggio-milano-ceparana-771814240,2017-03-31,18:00:00,Milano,45.4470768,9.2098737,"Piazzale Lodi, Milano, Italia",Ceparana,44.1680594,9.8877804,"Ceparana, 19020 Ceparana SP, Italia",10.5,210,3,3,771814240-milano-ceparana,"[Milano, Ceparana]",manual,online
189,https://www.blablacar.it/passaggio-milano-santo-stefano-di-magra-771288210,2017-03-31,18:00:00,Milano,45.4409167,9.2226184,"Corvetto M3, Milano, MI",Santo Stefano Di Magra,44.1613458,9.9156487,"Santo Stefano di Magra, SP",15.0,211,2,2,771288210-milano-santo-stefano-di-magra,"[Milano, Santo Stefano Di Magra]",manual,online
190,https://www.blablacar.it/passaggio-milano-forli-770684820,2017-03-31,18:00:00,Milano,45.4437333,9.1676768,"Romolo, Milano, MI",Forlì,44.223751967,12.054576874,"Stazione ferroviaria, Forlì",17.5,290,3,3,770684820-milano-forli,"[Milano, Forlì]",manual,online
191,https://www.blablacar.it/passaggio-milano-carrara-771852770,2017-03-31,18:00:00,Milano,45.4474539,9.2099177,"Piazzale Lodi, 148, 20135 Milano, Italia",Carrara,44.0513078,10.0628954,"Stazione Carrara-Avenza, Carrara",17.5,227,3,4,771852770-milano-carrara,"[Milano, Carrara]",manual,online
192,https://www.blablacar.it/passaggio-milano-faenza-769147165,2017-03-31,18:00:00,Milano,45.4857914,9.214492,"Viale Andrea Doria, 48, 20124 Milano, Italia",Faenza,44.3238572,11.9033939,"A14 - Autostrada Adriatica, 48018 Faenza RA, Italia",17.5,265,1,2,769147165-milano-faenza,"[Milano, Faenza]",manual,online
193,https://www.blablacar.it/passaggio-milano-roma-771757235,2017-03-31,18:00:00,Milano,45.4858877,9.2042827,"Milano Centrale, Milano, MI",Roma,41.9097514,12.5309869,"Tiburtina Stazione, Roma, RM",35.0,574,3,3,771757235-milano-roma,"[Milano, Roma]",manual,online
194,https://www.blablacar.it/passaggio-milano-roma-769752930,2017-03-31,18:00:00,Milano,45.4795257,9.1435048,"Zona Lotto, Milano, Italia",Roma,41.9110372,12.5313221,"Tiburtina F.S, 00162 Roma, Italia",36.0,596,2,3,769752930-milano-roma,"[Milano, Roma]",manual,online
195,https://www.blablacar.it/passaggio-milano-calenzano-771914145,2017-03-31,18:00:01,Milano,45.4654219,9.1859243,"Milano, Italia",Calenzano,43.86604,11.1673181,"50041 Calenzano FI, Italia",17.5,289,2,3,771914145-milano-calenzano,"[Milano, Calenzano, Prato]",manual,online
196,https://www.blablacar.it/passaggio-milano-verona-768815775,2017-03-31,18:00:33,Milano,45.4898523,9.2235281,"Via Francesco Predabissi, 20131 Milano, Italia",Verona,45.4012899,10.9856846,"Via Luigi Pasteur, 37135 Verona VR, Italia",14.0,152,1,1,768815775-milano-verona,"[Milano, Verona]",manual,online
197,https://www.blablacar.it/passaggio-milano-parma-770658550,2017-03-31,18:00:59,Milano,45.484249115,9.234829903,"Lambrate Fs, 20131 Milano, Italia",Parma,44.823204041,10.337758064,"Centro Torri, Via S. Leonardo, 43122 Parma PR, Italia",8.5,122,3,3,770658550-milano-parma,"[Milano, Parma]",manual,online
198,https://www.blablacar.it/passaggio-milano-orio-al-serio-aeroporto-orio-al-serio-bg-766894465,2017-03-31,18:10:00,Milano,45.4680184,9.1561936,"Wagner M1, Milano, MI","Orio al Serio - Aeroporto, Orio al serio, BG",45.6659203,9.6953431,"Orio al Serio - Aeroporto, Orio al serio, BG",4.0,57,2,2,766894465-milano-orio-al-serio-aeroporto-orio-al-serio-bg,[Milano],manual,online
199,https://www.blablacar.it/passaggio-milano-parma-771716495,2017-03-31,18:10:00,Milano,45.465488434,9.185879707,"Milano, MI",Parma,44.801483154,10.327903748,"Parma, PR",7.5,132,2,2,771716495-milano-parma,"[Milano, Parma]",auto,online
200,https://www.blablacar.it/passaggio-milano-torino-769878825,2017-03-31,18:10:00,Milano,45.4536158,9.1409823,"Lorenteggio, Milano, MI",Torino,45.0459919,7.6445122,"Santa Rita, Torino, TO",8.5,153,1,3,769878825-milano-torino,"[Milano, Torino]",auto,online
201,https://www.blablacar.it/passaggio-milano-santena-765452280,2017-03-31,18:10:00,Milano,45.443210602,9.167404175,"Milano Romolo, 20143 Milano, Italia",Santena,44.958530426,7.785637379,"Via Asti, 23, 10026 Santena TO, Italia",12.0,154,1,1,765452280-milano-santena,"[Milano, Santena]",manual,online
202,https://www.blablacar.it/passaggio-milano-trarego-viggiona-vb-769723255,2017-03-31,18:10:16,Milano,45.4654219,9.1859243,"Milano, MI","Trarego Viggiona, VB",46.0401344,8.6460705,"Trarego Viggiona, VB",7.5,127,2,2,769723255-milano-trarego-viggiona-vb,"[Bolzano, Milano]",manual,online
203,https://www.blablacar.it/passaggio-milano-trieste-716779779,2017-03-31,18:10:56,Milano,45.4654219,9.1859243,"Milano, Italia",Trieste,45.6495264,13.7768182,"Trieste, Italia",37.0,409,4,4,716779779-milano-trieste,"[Milano, Trieste, Međugorje]",auto,online
204,https://www.blablacar.it/passaggio-milan-plaisance-766696505,2017-03-31,18:20:00,Milano,45.4654219,9.1859243,"Milano, MI",Piacenza,45.0474228,9.6865687,"Piacenza, PC",5.5,73,3,3,766696505-milan-plaisance,"[Strasburgo, Milano, Piacenza, Reggio Emilia]",manual,online
205,https://www.blablacar.it/passaggio-milano-alba-771612610,2017-03-31,18:20:00,Milano,45.4896568,9.2011339,"Sondrio M3, 20124 Milano, Italia",Alba,44.693827,8.016286,"Total Erg Carburanti - Via Ognissanti, Alba",10.5,156,3,3,771612610-milano-alba,"[Milano, Alba, Savigliano]",auto,online
206,https://www.blablacar.it/passaggio-milano-vicenza-771358440,2017-03-31,18:20:00,Milano,45.4734848,9.1522192,"Piazza Giovanni Amendola, Milano, Italia",Vicenza,45.5454787,11.5354214,Vicenza,14.0,212,2,2,771358440-milano-vicenza,"[Milano, Vicenza, Mestrino]",manual,online
207,https://www.blablacar.it/passaggio-milano-riva-del-garda-770873310,2017-03-31,18:20:00,Milano,45.4861631,9.2163838,"Piazzale Loreto, Milano, Italia",Riva Del Garda,45.891531,10.845947,"Viale Trento, 13, 38066 Riva del Garda TN, Italia",14.0,171,4,4,770873310-milano-riva-del-garda,"[Milano, Riva Del Garda]",manual,online
208,https://www.blablacar.it/passaggio-mailand-genua-italien-771471525,2017-03-31,18:20:00,Milano,45.4654219,9.1859243,"Mailand, Italien","Genua, Italien",44.4466254,9.1456153,"Genua, Italien",15.0,158,2,2,771471525-mailand-genua-italien,"[Zurigo, Milano]",manual,online
209,https://www.blablacar.it/passaggio-milano-ancona-769303525,2017-03-31,18:20:44,Milano,45.439506146,9.224642515,Corvetto M3,Ancona,43.6158299,13.518915,"Ancona, Italia",27.5,434,1,3,769303525-milano-ancona,"[Milano, Ancona]",manual,online
210,https://www.blablacar.it/passaggio-milano-parma-771337490,2017-03-31,18:20:59,Milano,45.4654,9.18592,"Milano, Italia",Parma,44.803,10.3281,Parma,8.5,132,4,4,771337490-milano-parma,"[Milano, Parma, Modena]",manual,online
211,https://www.blablacar.it/passaggio-milano-pavia-769015125,2017-03-31,18:30:00,Milano,45.437393188,9.168777466,"Famagosta M2, Milano",Pavia,45.1847248,9.1582069,"Pavia, PV",4.0,38,2,2,769015125-milano-pavia,"[Milano, Pavia]",manual,online
212,https://www.blablacar.it/passaggio-milano-asti-769069890,2017-03-31,18:30:00,Milano,45.437801361,9.168410301,"Famagosta m2, 20142 Milano, Italia",Asti,44.900798798,8.206430435,"14100 Asti AT, Italia",7.5,119,1,3,769069890-milano-asti,"[Milano, Asti]",auto,online
213,https://www.blablacar.it/passaggio-milan-verone-768620565,2017-03-31,18:30:00,Milano,45.4654219,9.1859243,"Milan, Italie",Verona,45.429272,10.981383,"Porta Nuova, Verona",8.5,161,1,2,768620565-milan-verone,"[Lione, Milano, Verona]",manual,online
214,https://www.blablacar.it/passaggio-milano-modena-770424430,2017-03-31,18:30:00,Milano,45.4655,9.18588,"Milano, MI",Modena,44.6471,10.9252,"Modena, MO",9.5,179,2,3,770424430-milano-modena,"[Milano, Modena]",auto,online
215,https://www.blablacar.it/passaggio-milano-genova-770000770,2017-03-31,18:30:00,Milano,45.4372427,9.1681331,"Famagosta, Milano, MI",Genova,44.4199049,8.9369537,"Castelletto, Genova, GE",10.5,142,1,3,770000770-milano-genova,"[Milano, Genova]",manual,online
216,https://www.blablacar.it/passaggio-milano-torino-770787755,2017-03-31,18:30:00,Milano,45.437393188,9.168777466,"Famagosta M2, Milano",Torino,45.074091,7.668519,"Porta Susa, Torino",10.5,150,2,4,770787755-milano-torino,"[Milano, Torino]",manual,online
217,https://www.blablacar.it/passaggio-milano-torino-771052735,2017-03-31,18:30:00,Milano,45.464847565,9.142915726,"Piazzale Veronica Gambara, 7, 20146 Milano, Italia",Torino,45.062080383,7.678479671,"Torino Porta Nuova, 10121 Torino, Italia",12.0,142,3,3,771052735-milano-torino,"[Milano, Torino]",manual,online
218,https://www.blablacar.it/passaggio-milano-sarzana-771769135,2017-03-31,18:30:00,Milano,45.4654219,9.1859243,"Milano, MI, Italia",Sarzana,44.1248846,9.9576849,"Sarzana, SP, Italia",17.5,226,3,3,771769135-milano-sarzana,"[Milano, Sarzana]",manual,online
219,https://www.blablacar.it/passaggio-milano-castelfranco-veneto-771774510,2017-03-31,18:30:00,Milano,45.4812,9.22501,"Piola, Milano, MI",Castelfranco Veneto,45.6717,11.9281,"Castelfranco Veneto, TV",17.5,246,2,2,771774510-milano-castelfranco-veneto,"[Milano, Castelfranco Veneto]",auto,online
220,https://www.blablacar.it/passaggio-milano-firenze-771075740,2017-03-31,18:30:00,Milano,45.4470768,9.2098737,"Piazzale Lodi, Milano, MI",Firenze,43.792861,11.2303719,"Novoli, Firenze, FI",17.5,290,3,3,771075740-milano-firenze,"[Milano, Firenze]",manual,online
221,https://www.blablacar.it/passaggio-milano-pisa-771311565,2017-03-31,18:30:00,Milano,45.48548,9.238142,"Lambrate M2, Milano",Pisa,43.708955,10.39818,"Stazione ferroviaria, Pisa",18.5,287,1,3,771311565-milano-pisa,"[Milano, Pisa, San Vincenzo]",manual,online
222,https://www.blablacar.it/passaggio-milano-fano-771728630,2017-03-31,18:30:00,Milano,45.4445585,9.1675967,"Romolo m2, Milano, MI",Fano,43.8398164,13.0194201,"Fano, PU",23.0,379,2,3,771728630-milano-fano,"[Milano, Fano]",auto,online
223,https://www.blablacar.it/passaggio-milan-venise-769476250,2017-03-31,18:30:00,Milano,45.46549,9.18588,"Milan, Italie",Venezia,45.4408079,12.3155885,"Venise, Italie",25.0,270,4,4,769476250-milan-venise,"[Losanna, Milano, Venezia, Lovran]",manual,online
224,https://www.blablacar.it/passaggio-milano-savona-771816155,2017-03-31,18:30:03,Milano,45.4372427,9.1681331,"Famagosta, 20142 Milano, Italia",Savona,44.3096641,8.4838985,"Via Pietro Paleocapa, 4, 17100 Savona SV, Italia",12.0,164,2,2,771816155-milano-savona,"[Milano, Savona]",manual,online
225,https://www.blablacar.it/passaggio-milano-le-grand-saconnex-752313875,2017-03-31,18:30:13,Milano,45.4690621,9.1481373,"De Angeli, 20149 Milano, Italia",Le Grand-Saconnex,46.233788,6.123364,"Grand-Saconnex, place, 1218 Le Grand-Saconnex, Svizzera",30.5,334,1,2,752313875-milano-le-grand-saconnex,"[Milano, Le Grand-Saconnex]",auto,online
226,https://www.blablacar.it/passaggio-milano-padova-770843920,2017-03-31,18:30:42,Milano,45.4372427,9.1681331,"Famagosta, 20142 Milano, Italia",Padova,45.4168569,11.8797719,"Piazzale Stazione, 35131 Padova PD, Italia",15.0,253,2,3,770843920-milano-padova,"[Milano, Padova]",auto,online
227,https://www.blablacar.it/passaggio-milano-arco-770860135,2017-03-31,18:30:54,Milano,45.4842475,9.2348298,"Lambrate Fs, 20131 Milano, Italia",Arco,45.9180837,10.8866827,"Municipio di Arco, Arco",12.0,208,2,3,770860135-milano-arco,"[Milano, Arco]",manual,online
228,https://www.blablacar.it/passaggio-milano-torino-771223845,2017-03-31,18:50:00,Milano,45.4796037,9.1414533,"Lotto (Fieramilanocity) M1 M5, 20148 Milano, Italia",Torino,45.0979034,7.6975047,"Corso Giulio Cesare, Torino, Italia",8.5,134,2,3,771223845-milano-torino,"[Milano, Torino]",manual,online
229,https://www.blablacar.it/passaggio-milano-vicenza-770014555,2017-03-31,18:50:00,Milano,45.4654219,9.1859243,"Milano, Italia",Vicenza,45.545478821,11.535421371,"Vicenza, VI, Italia",13.0,207,2,3,770014555-milano-vicenza,"[Milano, Vicenza]",manual,online
230,https://www.blablacar.it/passaggio-milano-rovereto-772002515,2017-03-31,18:50:00,Milano,45.486164093,9.216383934,"Piazzale Loreto, Milano, Italia",Rovereto,45.891819,11.034135818,"Rovereto-Stazione Trenitalia, 38068 Rovereto TN, Italia",13.0,195,3,3,772002515-milano-rovereto,"[Milano, Rovereto]",auto,online
231,https://www.blablacar.it/passaggio-milano-firenze-770257930,2017-03-31,18:50:00,Milano,45.437728,9.168557,"Famagosta M2, 20142 Milano, Italia",Firenze,43.784258,11.2621575,"Piazza della Libertà, Firenze, Italia",16.5,305,2,3,770257930-milano-firenze,"[Milano, Firenze]",manual,online
232,https://www.blablacar.it/passaggio-milano-venezia-771321920,2017-03-31,18:50:00,Milano,45.487388611,9.215220451,"Loreto, Milano, Italia",Venezia,45.4817204,12.2351508,"Mestre Stazione F.S., 30100 Venezia, Italia",18.5,259,1,2,771321920-milano-venezia,"[Milano, Venezia]",manual,online
233,https://www.blablacar.it/passaggio-milano-quarona-766848570,2017-03-31,19:00:00,Milano,45.4873878,9.2152204,"Loreto, Milano, Italia",Quarona,45.7617009,8.2685794,"13017 Quarona VC, Italia",6.5,107,1,1,766848570-milano-quarona,"[Milano, Quarona]",manual,online
234,https://www.blablacar.it/passaggio-milano-parma-771651885,2017-03-31,19:00:00,Milano,45.458626,9.181873,Milano,Parma,44.801485,10.3279036,Parma,7.5,125,3,4,771651885-milano-parma,"[Milano, Parma, Siena]",manual,online
235,https://www.blablacar.it/passaggio-milano-genova-772014090,2017-03-31,19:00:00,Milano,45.437728,9.168557,"Famagosta M2, 20142 Milano, Italia",Genova,44.3977059,8.9659399,"Albaro, Genova, Italia",9.5,139,3,3,772014090-milano-genova,"[Milano, Genova]",auto,online
236,https://www.blablacar.it/passaggio-milano-affi-771859400,2017-03-31,19:00:00,Milano,45.4842475,9.2348298,"Lambrate Fs, 20131 Milano, Italia",Affi,45.553056,10.7853482,"Affi Centro Commerciale, 37010 Affi VR, Italia",10.5,149,3,3,771859400-milano-affi,"[Milano, Affi, Trento]",auto,online
237,https://www.blablacar.it/passaggio-milano-genova-771924595,2017-03-31,19:00:00,Milano,45.437728,9.168557,"Famagosta M2, 20142 Milano, Italia",Genova,44.4285278,8.8114707,"Pegli, Genova, Italia",10.5,146,3,3,771924595-milano-genova,"[Milano, Genova]",manual,online
238,https://www.blablacar.it/passaggio-milano-bologna-771880380,2017-03-31,19:00:00,Milano,45.4514997,9.2027994,"McDonald's, Milano",Bologna,44.494888306,11.342616081,Bologna,13.0,209,3,3,771880380-milano-bologna,"[Milano, Bologna, Arezzo]",manual,online
239,https://www.blablacar.it/passaggio-milano-vicenza-771142435,2017-03-31,19:00:00,Milano,45.465423584,9.18592453,"Milano, Italia",Vicenza,45.545478821,11.535421371,"36100 Vicenza VI, Italia",14.0,207,2,3,771142435-milano-vicenza,"[Milano, Vicenza]",auto,online
240,https://www.blablacar.it/passaggio-milano-vicenza-771564480,2017-03-31,19:00:00,Milano,45.4568407,9.1303891,"Primaticcio, Milano, Italia",Vicenza,45.5454787,11.5354214,"36100 Vicenza VI, Italia",14.0,214,1,3,771564480-milano-vicenza,"[Milano, Vicenza, Marostica]",manual,online
241,https://www.blablacar.it/passaggio-milano-padova-771971005,2017-03-31,19:00:00,Milano,45.4796037,9.1414533,"Lotto (Fieramilanocity) M1 M5, Milano, MI",Padova,45.4174057,11.8789507,"Stazione, Padova, PD",15.0,242,2,2,771971005-milano-padova,"[Milano, Padova]",manual,online
242,https://www.blablacar.it/passaggio-milano-ravenna-770623125,2017-03-31,19:00:00,Milano,45.4654219,9.1859243,"Milano, MI",Ravenna,44.4183598,12.2035294,"Ravenna, RA",17.5,296,1,3,770623125-milano-ravenna,"[Milano, Ravenna]",auto,online
243,https://www.blablacar.it/passaggio-milano-castelfranco-veneto-770760720,2017-03-31,19:00:00,Milano,45.468017578,9.156193733,"Wagner M1, Milano, MI",Castelfranco Veneto,45.671695709,11.928238869,"Castelfranco Veneto, TV",17.5,255,1,3,770760720-milano-castelfranco-veneto,"[Milano, Castelfranco Veneto]",auto,online
244,https://www.blablacar.it/passaggio-milano-prato-771444105,2017-03-31,19:00:00,Milano,45.4681785,9.1826711,"Largo Cairoli, 20121 Milano, Italia",Prato,43.866075,11.1119884,"Viale della Repubblica, 59100 Prato PO, Italia",23.0,293,3,3,771444105-milano-prato,"[Milano, Prato]",manual,online
245,https://www.blablacar.it/passaggio-milano-ancona-766396700,2017-03-31,19:00:00,Milano,45.472171,9.2051853,"Porta Venezia, Milano, MI",Ancona,43.6158299,13.518915,"Ancona, AN",27.5,440,2,3,766396700-milano-ancona,"[Milano, Ancona, Gualdo]",auto,online
246,https://www.blablacar.it/passaggio-milano-portogruaro-764325205,2017-03-31,19:00:00,Milano,45.4839709,9.2060969,"Centrale, Milano, Italia",Portogruaro,45.7805759,12.8373992,"30026 Portogruaro VE, Italia",28.5,322,1,3,764325205-milano-portogruaro,"[Milano, Portogruaro, Latisana]",auto,online
247,https://www.blablacar.it/passaggio-milano-ancona-771046085,2017-03-31,19:00:00,Milano,45.4470768,9.2098737,"Piazzale Lodi, Milano, Italia",Ancona,43.6073207,13.4978491,"Ancona Stazione F.s, 60125 Ancona, Italia",28.5,422,1,2,771046085-milano-ancona,"[Milano, Ancona]",auto,online
248,https://www.blablacar.it/passaggio-milano-roma-770650745,2017-03-31,19:00:00,Milano,45.48548,9.238142,"Lambrate M2, Milano",Roma,41.910526,12.529615,"Tiburtina, Roma",31.5,570,1,3,770650745-milano-roma,"[Milano, Roma]",manual,online
249,https://www.blablacar.it/passaggio-milano-vasto-766349630,2017-03-31,19:00:00,Milano,45.4654219,9.1859243,"Milano, Italia",Vasto,42.123847961,14.702955246,"Via Furci, 14, 66054 Vasto CH, Italia",32.5,649,1,3,766349630-milano-vasto,"[Monza, Milano, Vasto]",manual,online
250,https://www.blablacar.it/passaggio-milano-salvano-770479805,2017-03-31,19:00:03,Milano,45.4787203,9.1975698,"Piazza della Repubblica, Milano, Italia",Salvano,43.1626427,13.8009239,"Strada Provinciale 87, 63900 Salvano FM, Italia",29.5,482,2,3,770479805-milano-salvano,"[Milano, Salvano]",manual,online
251,https://www.blablacar.it/passaggio-milano-pisa-771507095,2017-03-31,19:00:25,Milano,45.4655,9.18588,"Milano, MI",Pisa,43.7228,10.4017,"Pisa, PI",17.5,282,3,3,771507095-milano-pisa,"[Milano, Pisa]",auto,online
252,https://www.blablacar.it/passaggio-milano-acqui-terme-770653655,2017-03-31,19:10:00,Milano,45.4372427,9.1681331,"Famagosta, 20142 Milano, Italia",Acqui Terme,44.6730354,8.4709287,"Parco del Castello, Acqui Terme",8.5,124,3,3,770653655-milano-acqui-terme,"[Lugano, Milano, Acqui Terme]",auto,online
253,https://www.blablacar.it/passaggio-milano-torino-771183260,2017-03-31,19:10:00,Milano,45.4654219,9.1859243,Milano,Torino,45.062484741,7.678756714,"Porta Nuova, Torino",9.5,146,4,4,771183260-milano-torino,"[Brescia, Milano, Torino]",auto,online
254,https://www.blablacar.it/passaggio-milano-borgomanero-767841235,2017-03-31,19:10:02,Milano,45.4654219,9.1859243,"Milano, Italia",Borgomanero,45.6989441,8.4624538,"28021 Borgomanero NO, Italia",6.5,80,2,2,767841235-milano-borgomanero,"[Civitanova Marche, Milano, Borgomanero]",manual,online
255,https://www.blablacar.it/passaggio-milano-torino-768819335,2017-03-31,19:20:00,Milano,45.4654219,9.1859243,"Molino Dorino (MM1), Milano, MI",Torino,45.0625147,7.6995344,"Piazza Gran Madre di Dio, Torino, TO",9.5,146,3,3,768819335-milano-torino,"[Milano, Torino]",auto,online
256,https://www.blablacar.it/passaggio-milano-bologna-770396915,2017-03-31,19:20:00,Milano,45.4807212,9.1875632,"Porta Garibaldi, Milano, Italia",Bologna,44.494887,11.3426163,Bologna,13.0,216,1,3,770396915-milano-bologna,"[Milano, Bologna, Rimini]",manual,online
257,https://www.blablacar.it/passaggio-milano-vicenza-769904670,2017-03-31,19:20:00,Milano,45.4654219,9.1859243,"Milano, MI",Vicenza,45.5454787,11.5354214,"Vicenza, VI",14.0,207,2,2,769904670-milano-vicenza,"[Milano, Vicenza, Dueville]",manual,online
258,https://www.blablacar.it/passaggio-milano-santuario-771615800,2017-03-31,19:20:00,Milano,45.437728,9.168557,"Famagosta M2, Milano, MI",Santuario,44.3425496,8.4293891,"Savona, SV",14.0,180,2,3,771615800-milano-santuario,"[Bergamo, Milano, Santuario, Pietra Ligure]",auto,online
259,https://www.blablacar.it/passaggio-milano-padova-769983230,2017-03-31,19:20:00,Milano,45.47952652,9.143505096,"Zona Lotto, Milano, Italia",Padova,45.416858673,11.879772186,"Piazzale Stazione, 35131 Padova PD, Italia",15.0,242,1,3,769983230-milano-padova,"[Milano, Padova]",manual,online
260,https://www.blablacar.it/passaggio-milan-verone-757733675,2017-03-31,19:20:00,Milano,45.4654219,9.1859243,"Milan, Italie",Verona,45.4383842,10.9916215,"Vérone, Italie",15.0,160,4,4,757733675-milan-verone,"[Losanna, Milano, Verona, Matulji]",manual,online
261,https://www.blablacar.it/passaggio-milano-padova-770938190,2017-03-31,19:20:00,Milano,45.4793,9.14416,"Lotto Fiera, Milano, MI",Padova,45.4174,11.879,"Stazione, Padova, PD",16.5,242,4,4,770938190-milano-padova,"[Milano, Padova]",manual,online
262,https://www.blablacar.it/passaggio-milano-darfo-771622925,2017-03-31,19:20:01,Milano,45.4842475,9.2348298,"Lambrate Fs, 20131 Milano, Italia",Darfo,45.8841468,10.1809231,"Darfo Boario Terme, Darfo (Staz. FNM - P.za Municipio 7), 25047 ",6.5,101,1,2,771622925-milano-darfo,"[Milano, Darfo, Malonno]",manual,online
263,https://www.blablacar.it/passaggio-milano-courmayeur-770920130,2017-03-31,19:20:04,Milano,45.4654219,9.1859243,"Milano, Italia",Courmayeur,45.7918115,6.9725857,"Museo Alpino Duca degli Abruzzi, Courmayeur",17.5,219,4,4,770920130-milano-courmayeur,"[Trieste, Milano, Courmayeur]",manual,online
264,https://www.blablacar.it/passaggio-milano-reggio-emilia-770684035,2017-03-31,19:30:00,Milano,45.46549,9.18588,"Milano, MI",Reggio Emilia,44.7239236,10.6579846,"Stazione Mediopadana, Reggio Emilia",9.5,154,3,3,770684035-milano-reggio-emilia,"[Milano, Reggio Emilia]",auto,online
265,https://www.blablacar.it/passaggio-milano-salo-bs-771527065,2017-03-31,19:30:00,Milano,45.4680184,9.1561936,"Wagner M1, Milano, MI","Salò, BS",45.6180372,10.5263488,"Salò, BS",10.5,141,1,1,771527065-milano-salo-bs,"[Milano, Dro]",auto,online
266,https://www.blablacar.it/passaggio-milano-padova-769733785,2017-03-31,19:30:00,Milano,45.4788956,9.1439966,"Lotto Fieramilanocity, 20149 Milano, Italia",Padova,45.4168569,11.8797719,"Piazzale Stazione, 35131 Padova PD, Italia",17.5,242,2,3,769733785-milano-padova,"[Milano, Padova]",manual,online
267,https://www.blablacar.it/passaggio-milano-rovereto-769770255,2017-03-31,19:30:00,Milano,45.4515142,9.2030248,"Porta Romana, 20135 Milano, Italia",Rovereto,45.8776411,11.0322166,"Via Abetone, 76, 38068 Rovereto TN, Italia",17.5,204,3,3,769770255-milano-rovereto,"[Milano, Rovereto]",manual,online
268,https://www.blablacar.it/passaggio-milano-ferrara-769733365,2017-03-31,19:30:00,Milano,45.4895,9.20071,"Sondrio, Milano, MI",Ferrara,44.8382,11.6198,"Ferrara, FE",17.5,258,1,4,769733365-milano-ferrara,"[Milano, Ferrara]",manual,online
269,https://www.blablacar.it/passaggio-milano-ancona-771595365,2017-03-31,19:30:00,Milano,45.4563173,9.1736642,"Piazzale Antonio Cantore, 2, 20123 Milano, Italia",Ancona,43.6155369,13.5228963,"Via Lauro de Bosis, 5, 60123 Ancona, Italia",26.5,446,3,3,771595365-milano-ancona,"[Milano, Ancona]",manual,online
270,https://www.blablacar.it/passaggio-milano-modena-771458190,2017-03-31,19:30:52,Milano,45.446699,9.1609776,"Via Giovanni Pastorelli, 20-22, 20143 Milano, Italia",Modena,44.654817,10.868112,"Modena Nord (casello), Modena",8.5,173,3,3,771458190-milano-modena,"[Milano, Modena]",manual,online
271,https://www.blablacar.it/passaggio-milano-bergamo-760415725,2017-03-31,19:40:00,Milano,45.465423584,9.18592453,"Milano, Italia",Bergamo,45.698265076,9.677269936,"Bergamo BG, Italia",5.5,51,1,1,760415725-milano-bergamo,"[Alba, Milano, Bergamo]",manual,online
272,https://www.blablacar.it/passaggio-milano-genova-770690445,2017-03-31,19:40:00,Milano,45.437728,9.168557,"Famagosta M2, Milano, MI",Genova,44.4056499,8.946256,"Genova, GE",13.0,140,4,4,770690445-milano-genova,"[Baar, Milano, Genova]",auto,online
273,https://www.blablacar.it/passaggio-milano-ravenna-770783055,2017-03-31,19:40:35,Milano,45.4470768,9.2098737,"Piazzale Lodi, Milano, Italia",Ravenna,44.4094119,12.1918091,"Viale V. Randi, 24, 48121 Ravenna RA, Italia",17.5,285,3,3,770783055-milano-ravenna,"[Milano, Ravenna]",manual,online
274,https://www.blablacar.it/passaggio-milano-ceriale-771424440,2017-03-31,19:50:00,Milano,45.4360004,9.1664958,"Famagosta M2, 20142 Milano, Italia",Ceriale,44.098944,8.2341483,Stazione di Ceriale,16.5,200,4,4,771424440-milano-ceriale,"[Milano, Ceriale]",auto,online
275,https://www.blablacar.it/passaggio-milano-padova-ovest-padova-769612170,2017-03-31,19:50:16,Milano,45.4654219,9.1859243,"Milano, Italia","Padova Ovest, Padova",45.446386,11.862461,"Padova Ovest, Padova",17.5,233,2,3,769612170-milano-padova-ovest-padova,"[Bellinzona, Milano]",auto,online
276,https://www.blablacar.it/passaggio-milano-borno-769933025,2017-03-31,20:00:00,Milano,45.4958746,9.1386971,"Viale Certosa, Milano, MI",Borno,45.9463171,10.1991177,"Borno, BS",5.5,127,2,2,769933025-milano-borno,"[Milano, Borno]",manual,online
277,https://www.blablacar.it/passaggio-milano-parma-771325090,2017-03-31,20:00:00,Milano,45.437728,9.168557,"Famagosta M2, 20142 Milano, Italia",Parma,44.8096943,10.3278035,"Stazione ferroviaria, Parma",6.5,127,3,3,771325090-milano-parma,"[Milano, Parma]",manual,online
278,https://www.blablacar.it/passaggio-milano-parma-771722325,2017-03-31,20:00:00,Milano,45.4654219,9.1859243,"Milano, MI",Parma,44.801485,10.3279036,"Parma, PR",7.5,128,2,2,771722325-milano-parma,"[Milano, Parma, Firenze]",auto,online
279,https://www.blablacar.it/passaggio-milano-chiavari-771947590,2017-03-31,20:00:00,Milano,45.4372427,9.1681331,"Famagosta, 20142 Milano, Italia",Chiavari,44.312944,9.328077,"Q8 Carburanti - Corso Vincenzo De Michiel, Chiavari",12.0,171,3,3,771947590-milano-chiavari,"[Milano, Chiavari]",auto,online
280,https://www.blablacar.it/passaggio-milano-aosta-771861665,2017-03-31,20:00:00,Milano,45.47903,9.1443735,"Lotto M1-M5, Milano",Aosta,45.7343526,7.3223231,"Stazione di Aosta, Aosta",13.0,179,1,1,771861665-milano-aosta,"[Milano, Aosta]",manual,online
281,https://www.blablacar.it/passaggio-milano-vicenza-771059470,2017-03-31,20:00:00,Milano,45.4654219,9.1859243,"Milano, MI",Vicenza,45.5454787,11.5354214,"Vicenza, VI",14.0,207,2,3,771059470-milano-vicenza,"[Milano, Vicenza]",auto,online
282,https://www.blablacar.it/passaggio-milano-cesena-766935620,2017-03-31,20:00:00,Milano,45.4654219,9.1859243,"Milano, Italia",Cesena,44.1396438,12.2464292,"Cesena FC, Italia",16.5,305,2,2,766935620-milano-cesena,"[Robecco Sul Naviglio, Milano, Cesena, Pesaro]",auto,online
283,https://www.blablacar.it/passaggio-milano-forli-770597205,2017-03-31,20:00:00,Milano,45.437728882,9.168557167,"Famagosta M2, 20142 Milano, Italia",Forlì,44.222740173,12.04073143,"Forlì FC, Italia",17.5,289,1,2,770597205-milano-forli,"[Milano, Forlì, Aspio Terme]",auto,online
284,https://www.blablacar.it/passaggio-milano-pisa-769738905,2017-03-31,20:00:00,Milano,45.4372427,9.1681331,"Famagosta, 20142 Milano, Italia",Pisa,43.7084491,10.3984684,"Pisa Centrale, Piazza della Stazione, 56125 Pisa PI, Italia",17.5,289,1,4,769738905-milano-pisa,"[Milano, Pisa]",auto,online
285,https://www.blablacar.it/passaggio-milano-venezia-767809355,2017-03-31,20:00:00,Milano,45.4532979,9.1695933,"Milano Porta Genova, Piazzale Stazione Genova, 4, 20144 Milano, ",Venezia,45.4823244,12.2339898,"Mestre FS, 30100 Venezia, Italia",17.5,271,1,3,767809355-milano-venezia,"[Milano, Venezia]",manual,online
286,https://www.blablacar.it/passaggio-milano-padova-771003560,2017-03-31,20:00:00,Milano,45.4690621,9.1481373,"De Angeli, 20149 Milano, Italia",Padova,45.4174057,11.8789507,"Stazione, 35131 Padova PD, Italia",17.5,243,3,3,771003560-milano-padova,"[Milano, Padova]",auto,online
287,https://www.blablacar.it/passaggio-milano-aosta-771758035,2017-03-31,20:00:00,Milano,45.48604357,9.216095656,"Loreto M1-M2, Milano",Aosta,45.7349551,7.3130762,"11100 Aosta, Italia",17.5,187,2,2,771758035-milano-aosta,"[Milano, Aosta, La Thuile]",manual,online
288,https://www.blablacar.it/passaggio-milano-udine-770786920,2017-03-31,20:00:00,Milano,45.451515198,9.203024864,"Porta Romana, 20135 Milano, Italia",Udine,46.022361755,13.261219978,"Via Paparotti 21 Art Hotel, 33100 Udine UD, Italia",29.5,383,1,3,770786920-milano-udine,"[Milano, Udine]",manual,online
289,https://www.blablacar.it/passaggio-milano-aosta-769026440,2017-03-31,20:00:25,Milano,45.4589553,9.1702658,"Piazza Sant'Agostino, 20123 Milano, Italia",Aosta,45.7343526,7.3223231,"Stazione di Aosta, Aosta",13.0,183,2,3,769026440-milano-aosta,"[Milano, Aosta]",manual,online
290,https://www.blablacar.it/passaggio-milano-riccione-771118825,2017-03-31,20:00:45,Milano,45.4807738,9.2253626,"Piola m2, 20131 Milano, Italia",Riccione,44.0008499,12.6585829,"Viale Ceccarini, 101, 47838 Riccione RN, Italia",20.5,339,1,2,771118825-milano-riccione,"[Milano, Riccione]",manual,online
291,https://www.blablacar.it/passaggio-milan-preganziol-771478305,2017-03-31,20:00:51,Milano,45.4522505,9.2031568,"Piazzale Medaglie D'Oro, 3, 20135 Milano, Italia",Preganziol,45.60547,12.23577,"Str. Terraglio, 157, 31022 Preganziol TV, Italia",21.5,280,1,3,771478305-milan-preganziol,"[Milano, Preganziol]",manual,online
292,https://www.blablacar.it/passaggio-milan-verone-735019610,2017-03-31,20:10:00,Milano,45.4654219,9.1859243,"Milan, Italie",Verona,45.4383842,10.9916215,"Vérone, Italie",8.5,160,2,2,735019610-milan-verone,"[Strasburgo, Milano, Verona, Padova]",manual,online
293,https://www.blablacar.it/passaggio-milano-pistoia-769015215,2017-03-31,20:10:00,Milano,45.4585957,9.1696535,"S. Agostino, Milano, MI",Pistoia,43.9303475,10.9078587,"Pistoia, PT",21.5,317,2,3,769015215-milano-pistoia,"[Milano, Pistoia]",manual,online
294,https://www.blablacar.it/passaggio-milano-torino-770176930,2017-03-31,20:10:57,Milano,45.4304199,9.1763022,"Piazza Abbiategrasso, Milano, Italia",Torino,45.070312,7.6868565,"Torino, Italia",12.0,153,4,4,770176930-milano-torino,"[Milano, Torino]",manual,online
295,https://www.blablacar.it/passaggio-milano-brescia-770438845,2017-03-31,20:30:00,Milano,45.4796037,9.1414533,"Lotto (Fieramilanocity) M1 M5, Milano, MI",Brescia,45.5415526,10.2118019,Brescia,7.5,100,3,3,770438845-milano-brescia,"[Milano, Brescia, Verona]",manual,online
296,https://www.blablacar.it/passaggio-milano-rapallo-771769760,2017-03-31,20:30:00,Milano,45.4809462,9.2252656,"Via Giovanni Pacini, 9-11, 20131 Milano, Italia",Rapallo,44.3507379,9.2317672,"Corso Giuseppe Assereto, 9, 16035 Rapallo GE, Italia",12.0,182,1,1,771769760-milano-rapallo,"[Milano, Rapallo]",auto,online
297,https://www.blablacar.it/passaggio-milano-cuneo-769858105,2017-03-31,20:30:00,Milano,45.4437333,9.1676768,"Romolo, 20143 Milano, Italia",Cuneo,44.3877112,7.5368332,"Piazzale della Libertà, 8, 12100 Cuneo CN, Italia",15.0,245,1,3,769858105-milano-cuneo,"[Milano, Cuneo]",auto,online
298,https://www.blablacar.it/passaggio-milano-padova-771675885,2017-03-31,20:30:00,Milano,45.4437333,9.1676768,"Romolo, 20143 Milano, Italia",Padova,45.4168569,11.8797719,"Piazzale Stazione, 35131 Padova PD, Italia",15.0,254,3,3,771675885-milano-padova,"[Milano, Padova]",auto,online
299,https://www.blablacar.it/passaggio-milano-genova-770445630,2017-03-31,20:30:15,Milano,45.437728,9.168557,"Famagosta M2, 20142 Milano, Italia",Genova,44.4162837,8.9195131,"Principe, 16126 Genova, Italia",9.5,138,2,4,770445630-milano-genova,"[Milano, Genova]",auto,online
300,https://www.blablacar.it/passaggio-milano-lecco-771163100,2017-03-31,20:40:35,Milano,45.4842475,9.2348298,"Lambrate Fs, 20131 Milano, Italia",Lecco,45.8634997,9.3858859,"Piazzale dei Cappuccini, 23900 Lecco LC, Italia",5.5,56,3,3,771163100-milano-lecco,"[Sant'agata Bolognese, Milano, Lecco]",manual,online
301,https://www.blablacar.it/passaggio-milano-verona-752211240,2017-03-31,20:50:00,Milano,45.4654219,9.1859243,Milano,Verona,45.4383842,10.9916215,"Verona VR, Italia",6.5,160,2,2,752211240-milano-verona,"[Vaulx-En-Velin, Milano, Verona]",manual,online
302,https://www.blablacar.it/passaggio-milano-lugano-771876405,2017-03-31,21:00:00,Milano,45.4654219,9.1859243,"Milano, MI",Lugano,46.0036778,8.951052,"Lugano, Svizzera",7.5,79,4,4,771876405-milano-lugano,"[Milano, Lugano, Locarno]",auto,online
303,https://www.blablacar.it/passaggio-milano-imperia-771030520,2017-03-31,21:00:00,Milano,45.437728,9.168557,"Famagosta M2, Milano, MI",Imperia,43.8900543,8.0396578,"Imperia · piazza Dante, Imperia",14.0,233,1,3,771030520-milano-imperia,"[Milano, Imperia]",auto,online
304,https://www.blablacar.it/passaggio-milano-bassano-del-grappa-770149445,2017-03-31,21:00:00,Milano,45.4515142,9.2030248,"Porta Romana, Milano, MI",Bassano Del Grappa,45.7657286,11.7272747,"Bassano del Grappa, VI",16.5,253,1,3,770149445-milano-bassano-del-grappa,"[Milano, Bassano Del Grappa]",auto,online
305,https://www.blablacar.it/passaggio-milano-rimini-770969430,2017-03-31,21:20:58,Milano,45.437728,9.168557,"Famagosta M2, 20142 Milano, Italia",Rimini,44.063756,12.573669,"Stazione ferroviaria, Rimini",23.0,332,2,3,770969430-milano-rimini,"[San Gallo, Milano, Rimini, Lesina]",manual,online
306,https://www.blablacar.it/passaggio-milano-verbania-771856855,2017-03-31,21:30:00,Milano,45.49721,9.19348,"Via Veglia, 26, 20159 Milano, Italia",Verbania,45.9290197,8.55172,"Tamoil Carburanti - Via Tito Cavazzani, Pallanza",6.5,102,3,3,771856855-milano-verbania,"[Milano, Verbania]",auto,online
307,https://www.blablacar.it/passaggio-milano-torino-771518450,2017-03-31,21:30:00,Milano,45.4589553,9.1702658,"Piazza Sant'Agostino, Milano, MI",Torino,45.0716228,7.6659039,"Torino Porta Susa, Corso Bolzano, Torino, TO",9.5,142,4,4,771518450-milano-torino,"[Milano, Torino]",auto,online
308,https://www.blablacar.it/passaggio-milano-finale-ligure-771374105,2017-03-31,21:30:00,Milano,45.437393188,9.168777466,"Famagosta M2, Milano",Finale Ligure,44.1689906,8.3436807,"Municipio di Finale Ligure, Finale Ligure",15.0,190,1,3,771374105-milano-finale-ligure,"[Milano, Finale Ligure]",manual,online
309,https://www.blablacar.it/passaggio-milano-brescia-770972325,2017-03-31,21:40:00,Milano,45.4654,9.18592,"Milano, MI",Brescia,45.5415,10.2118,"Brescia, BS",6.5,92,1,1,770972325-milano-brescia,"[Basilea, Milano, Brescia]",auto,online
310,https://www.blablacar.it/passaggio-milano-padova-771995175,2017-03-31,21:40:00,Milano,45.4654219,9.1859243,"Milano, MI",Padova,45.4064349,11.8767611,"Padova, PD",12.0,245,3,3,771995175-milano-padova,"[Zurigo, Milano, Padova]",auto,online
311,https://www.blablacar.it/passaggio-milano-bergamo-771143100,2017-03-31,22:10:00,Milano,45.4405741,9.1703255,"Via Rimini, 25, 20142 Milano, Italia",Bergamo,45.6800733,9.6692747,"Via Pietro Spino, 102, 24126 Bergamo BG, Italia",5.5,74,3,3,771143100-milano-bergamo,"[Pavia, Milano, Bergamo]",manual,online
312,https://www.blablacar.it/passaggio-milano-ornavasso-771245305,2017-03-31,22:10:00,Milano,45.4654219,9.1859243,"Milano, MI",Ornavasso,45.9684934,8.4119497,"Ornavasso, VB",7.5,102,3,3,771245305-milano-ornavasso,"[Città Di San Marino, Milano, Ornavasso]",manual,online
313,https://www.blablacar.it/passaggio-milano-torino-767983095,2017-03-31,22:30:00,Milano,45.4861631,9.2163838,"Piazzale Loreto, Milano, Italia",Torino,45.0716228,7.6659039,"Torino Porta Susa, Corso Bolzano, 10121 Torino, Italia",8.5,145,4,4,767983095-milano-torino,"[Milano, Torino]",manual,online
314,https://www.blablacar.it/passaggio-milan-cesuna-770490575,2017-03-31,22:30:00,Milano,45.4654219,9.1859243,"Milan, Italy",Cesuna,45.8384266,11.4544582,"36010 Cesuna VI, Italy",25.0,267,3,3,770490575-milan-cesuna,"[Ginevra, Milano, Cesuna]",manual,online
315,https://www.blablacar.it/passaggio-milano-lucerna-771694610,2017-03-31,22:40:00,Milano,45.4654219,9.1859243,"Milano, MI",Lucerna,47.0501682,8.3093072,"Lucerna, Svizzera",17.5,244,3,3,771694610-milano-lucerna,"[Lucca, Milano, Lucerna, Friburgo In Brisgovia]",manual,online
316,https://www.blablacar.it/passaggio-milano-a4-torino-trieste-25015-desenzano-del-garda-bs-italia-770019245,2017-03-31,23:00:00,Milano,45.465423584,9.18592453,"Milano, Italia","A4 Torino - Trieste, 25015 Desenzano del Garda BS, Italia",45.442489624,10.555175781,"A4 Torino - Trieste, 25015 Desenzano del Garda BS, Italia",8.5,122,1,1,770019245-milano-a4-torino-trieste-25015-desenzano-del-garda-bs-italia,[Milano],auto,online
317,https://www.blablacar.it/passaggio-milano-asti-762093580,2017-03-31,23:00:54,Milano,45.4372427,9.1681331,"Famagosta, 20142 Milano, Italia",Asti,44.8987458,8.1955584,"Corso Vittorio Alfieri, 401, 14100 Asti AT, Italia",7.5,122,3,3,762093580-milano-asti,"[Milano, Asti]",manual,online
318,https://www.blablacar.it/passaggio-milano-la-spezia-771395960,2017-03-31,23:10:00,Milano,45.4842475,9.2348298,"Lambrate Fs, 20131 Milano, Italia",La Spezia,44.1065406,9.828963,"Esso, La Spezia",16.5,222,2,3,771395960-milano-la-spezia,"[Sondrio, Milano, La Spezia]",manual,online
