,0,0,0,0,0,0,0,0,0,0,0,0,0,0,0,0,0,0,0,0,0,0,0,0,0,0,0,0,0,0,0
,2017-01-01,2017-01-02,2017-01-03,2017-01-04,2017-01-05,2017-01-06,2017-01-07,2017-01-08,2017-01-09,2017-01-10,2017-01-11,2017-01-12,2017-01-13,2017-01-14,2017-01-15,2017-01-16,2017-01-17,2017-01-18,2017-01-19,2017-01-20,2017-01-21,2017-01-22,2017-01-23,2017-01-24,2017-01-25,2017-01-26,2017-01-27,2017-01-28,2017-01-29,2017-01-30,2017-01-31
Abano Terme,,,,,,,,,,,,,,,,,,,,,,,,,0.0,,,,,,
Abbiategrasso,,,,,,,,,,,,,,,0.0,,,,,,,,,,,,,,,,
Acqui Terme,,,,,,,,,,,,,,1.0,,,,,,,,,,,,,,,,,
Adria,,0.0,,,,,,,,,,,,,,,,,,,,,,,,,,,,,
"Aereoporto ""v.catullo""",,,0.0,,,,,,,,,,,,,,,,,,,,0.0,,,,,,,0.0,
Affi,,,,,,,,,,,,,0.0,,,,,,,0.0,,,0.0,,,,,,,,
Agordo,,,,,,,0.0,,,,,,,,,,,,,,,,,,,,,,,,
Aix-En-Provence,,,,,,,,,,,,,,,,,,,0.0,,,,,,,,,,,,
Alassio,,,,1.0,,,,,,,0.0,,,,,1.0,,,0.0,,,,1.0,,,,1.0,,0.0,,
Alba,,,,0.0,,,,2.0,2.0,0.0,,,1.0,0.0,0.0,0.0,0.0,,,4.0,,1.0,,0.0,,0.0,3.0,,,,
Alba Adriatica,,,,,,,,,,,,,,,0.0,,,,,,,,,,,,,,,,
Albavilla,,,,,,,,,,,,,,,,,,,,,,0.0,,,,,,,,,
Albenga,,1.0,0.0,,,0.0,,,,,,,,,1.0,,0.0,,,5.0,,,,0.0,,,,,,,
Albiano D'ivrea,,,,,,,,,,,,,,,,,,,,,,,,,,,0.0,,,,
Albisola Superiore,,,,,,,,,,,,,5.0,,,,,,,,,,,,0.0,,3.0,,,,
Albissola Marina,,,,,6.0,,,,,,,2.0,,,,,,,,,,,,,,,,,,,
Alessandria,,,,0.0,1.0,1.0,,0.0,0.0,,0.0,0.0,,0.0,,0.0,,0.0,,0.0,0.0,0.0,0.0,0.0,0.0,0.0,0.0,0.0,0.0,0.0,0.0
Altavilla Vicentina,,,,,,,,,,,,,,,,,,,0.0,,,,,,,,,,,,
Ancona,0.0,3.0,,4.0,3.0,1.0,1.0,8.0,2.0,1.0,0.0,0.0,4.0,0.0,5.0,,,0.0,,5.0,,6.0,,1.0,,2.0,7.0,2.0,3.0,,
Annemasse,,,,,,,,,,,,,,,,,,,,,0.0,,,,,,,,,,0.0
Antey-Saint-André,,,,,,,,,,,,,,,,,,,,,,,,,,,0.0,,,,
Antibes,,0.0,,,,,,,,,,,,,,,,,,1.0,0.0,1.0,,,,,,,,,
Aosta,4.0,,,1.0,2.0,2.0,2.0,0.0,,0.0,,0.0,1.0,1.0,,,0.0,0.0,,6.0,0.0,0.0,,0.0,0.0,1.0,3.0,2.0,0.0,0.0,0.0
Aprica,,,,,,,,,,,,,,,,,,,,,,0.0,,,,,,,,,
Arco,,,,,,,,,,,0.0,,,,,,,,,,,,,,,,,,,,
Arcore,0.0,,,0.0,0.0,0.0,0.0,0.0,,,0.0,0.0,0.0,0.0,0.0,,,0.0,0.0,0.0,0.0,0.0,,,0.0,0.0,0.0,0.0,0.0,,
Area Produttiva Mosciano,,,,,,,,,,,,,,,,,,,,,,,,,,,0.0,,,,
Arenzano,,1.0,,,1.0,,,,0.0,,,,,0.0,,,,,,,0.0,,0.0,,,,0.0,,0.0,,0.0
Arese,,,,,0.0,,,,,,,,,,,,,,,,,,,,,,,,,0.0,
Arezzo,,0.0,,0.0,,,,,,,,,0.0,,,,,,,1.0,,,0.0,,,,,0.0,,,
Arma Di Taggia,,,,,,,,0.0,,,,,,,,,,,,,,,,,,,,,,,
Arona,,,,,0.0,,0.0,,,,,,,,,,,,0.0,,,,,,,,0.0,,,,
Arzignano,,,,,,,,0.0,,,,,0.0,,,,,,,,,,,,,,,,,,
Ascoli Piceno,0.0,,,,,0.0,,,,0.0,,,,,,,,,,,,,,,,,0.0,,,0.0,
Asolo,,,,,0.0,,,,,0.0,,,,,,,,,,,,,,,,,,,,,
Assago,,,,0.0,,0.0,,,,,0.0,,0.0,,,0.0,,0.0,,0.0,,,,,0.0,0.0,0.0,,,,0.0
Asti,,0.0,,0.0,1.0,0.0,,2.0,,0.0,0.0,1.0,1.0,0.0,0.0,1.0,1.0,0.0,1.0,2.0,,0.0,0.0,0.0,0.0,1.0,,0.0,1.0,0.0,0.0
Aubervilliers,,,,,,,,,,,,,,0.0,,,,,,,,,,,,,,,,,
Augusta,,,,,,,,0.0,,,,,,,,,,,,,,,,,,,,,,,
Aulla,,,,,,0.0,,,,,,0.0,,,,,,,,,,,,,,,,,,,
Auxerre,,,,0.0,,,,,,,,,,,,,,,,,,,,,,,,,,,
Avio,,,,,0.0,,,,,,,,,,,,,,,,,,,,,,,,,,
Azzano San Paolo,,,,,,,,,,,,,,,,,,,,,,,,,,,,,,,0.0
Baar,,,,,,,,0.0,,,,,,,,,0.0,,,,,,,,,,,,,,
Bad Ragaz,,,,,,,,,,,,,,,,,,,,0.0,,,,,,,,,,,
Baden,,,,,,,,,,,,,,,,0.0,,,,,,,,,,0.0,,,,,
Bagolino,,,,,,,,,,,,,,,,,,,,0.0,,,,,,,,,,,
Banchette,,,,,,,,,,,,,0.0,,,,,,,,,,,,,,,,,,
Barasso,,,,,,,,,,,,,,,,,,,,,,,,,,0.0,,,,,
Barbellotta,,,,,,,,,,,,,,,,,,,,,,0.0,,,,,,,,,
Barberino Di Mugello,,,,,,,,,,,,,,,,,,,,,,,,,,,0.0,,,,
Barcellona,,,,,,,,,,,,,,0.0,,,,,,,,,2.0,,,,,,,0.0,
Bardonecchia,,,,,0.0,,,,,,,,,,,,,,,,,,,,,,,,,,
Bareggio,,,,0.0,,,,,,,,,,,,,,,,,,,,0.0,,,,,,,
Bari,,1.0,,,,,,,,,,0.0,,2.0,,,,,,,,,1.0,,,,1.0,,,,
Barletta,,,,,0.0,,,,,,,,,,,,,,,,,,,,,,,,,,
Barzio,0.0,,,,,,,,,,,,,,,,,,,,,,,,,,,,,,
Basaluzzo,,,,0.0,,,,,,,,,,,,,,,,,,,,,,,,,,,
Basilea,,6.0,,1.0,2.0,0.0,0.0,1.0,,2.0,,2.0,0.0,1.0,3.0,0.0,,,0.0,1.0,0.0,,,1.0,,1.0,0.0,,3.0,0.0,1.0
Bassano Del Grappa,,,,,,0.0,,,,,,,1.0,,,,0.0,,,3.0,,1.0,,0.0,,,3.0,0.0,,,0.0
Battipaglia,,,,,,,,,,,0.0,,,,,,,,,,,,,,,,,,,,
Baveno,,0.0,0.0,,,,,,,,,,,,,,,,,,,,,,,,,,,,
Belfort,2.0,,,,,,,,,,,,,,,,,,,,,,,,,,,,,,
Bellagio,,,,,,,,,,,,,,,,,,,,,0.0,,,,,,,,,,
Bellaria,,,,,,,,,,,,,,,,,,,,,,,,,,,,,0.0,,
Bellinzago Novarese,,,,,,,,,,,,,,,,,,,,,,,0.0,,,,,,,,
Bellinzona,,,,,0.0,0.0,,0.0,,,,,,,0.0,0.0,,,,1.0,,,,,,,,,,,
Belluno,,,,,,,,,,,,,,,,,,,,1.0,,,,,,,,,,,0.0
Belvedere,,,,,0.0,,,,,,,,,,,,,,,,,,,,,,,,,,
Benevento,,,,,0.0,,,,,,,0.0,,,,,,,,,,,,,,,,,,,
Benken,,0.0,,,,,,,,,,,,,,,,,,,,,,,,,,,,,
Berbenno Di Valtellina,,,,,,,,,,,,,,,,,,,,0.0,,,,,,,,,,,
Beregazzo,,,,,,,,,,,,0.0,,,,,,,,,,,,,,,,,,,
Bergamo,1.0,1.0,0.0,1.0,1.0,1.0,0.0,1.0,0.0,0.0,0.0,0.0,0.0,0.0,0.0,0.0,0.0,0.0,1.0,1.0,0.0,0.0,0.0,0.0,0.0,0.0,0.0,0.0,2.0,0.0,0.0
Bergeggi,,0.0,,,,,,,,,,,,,,,,,,,,,,,,,,,,,
Berlino,,,,,,,,,,,,,,,,,,,,,,,,,,,,,,0.0,
Berna,0.0,,,,,,,0.0,,,,,,,,,,,,,,0.0,,,,,,,0.0,,0.0
Bettola-Zeloforamagno,,,,,,,,,,0.0,0.0,0.0,,0.0,,,0.0,0.0,0.0,0.0,,,,0.0,0.0,,0.0,0.0,,,
Biella,,0.0,0.0,,1.0,,,1.0,0.0,,0.0,0.0,2.0,,0.0,,,0.0,0.0,2.0,0.0,0.0,0.0,,,,1.0,1.0,0.0,0.0,
Bienna,,,,,,,,,,,,,,,,,,,,,,0.0,,,,,,,,,
Binasco,,,,,,,,,,0.0,0.0,,0.0,,,0.0,0.0,,0.0,,,,0.0,,,0.0,0.0,,,,0.0
Bludenz,0.0,,,,,,,,,,,,,,,,,,,,,,,,,,,,,,
Boario Terme,,,,,,,,,,,,,,,,,,,,,,,,,,,2.0,,,,
Bologna,0.0,8.0,2.0,5.0,3.0,9.0,2.0,11.0,0.0,2.0,0.0,1.0,4.0,3.0,15.0,4.0,1.0,1.0,3.0,8.0,8.0,15.0,5.0,0.0,3.0,4.0,18.0,9.0,9.0,3.0,2.0
Bolzano,,,0.0,,2.0,,1.0,4.0,,0.0,,0.0,1.0,,3.0,,,0.0,,,,3.0,,0.0,,1.0,2.0,0.0,6.0,,
Bomporto,,,,,,,,,,,,,,,,,,,,,,,,,0.0,,,,,,
Bordeaux,,,,,,,,,,,,,,,,,,,,,,,,,,,0.0,,,,
Bordighera,,,,,,,,,0.0,,,,,,,,,,,,,,0.0,,,,,0.0,,,
Borgio,,,,,,,,,,,,,,0.0,,,,,,,,,,,,,,,,,
Borgo San Dalmazzo,,,,0.0,,,,,,,,,,,,,,,,,,,,,,,,,,,
Borgo San Lorenzo,,,,,,,,0.0,,,,,,,,,,,,,,,,,,,,,,,
Borgomanero,,,,,,,,,,,,,0.0,,,,,,,,,,,,,,,,,,
Borgosesia,,,,,,,,,,,,,,,,,,,0.0,,,,,,,,,,,,0.0
Bormio,,,,,,,,0.0,,,,,0.0,,,,,,,,,,,,,,,,,,
Borso Del Grappa,,,,,,,,,,,,,,,,,,,,,,,,,,,,,0.0,,
Bosco Marengo,,,,,,,,0.0,,,,,,,0.0,,,,,,0.0,0.0,,,,,,,,,
Bra,,,,,,,,,,,,,,,,,,,,,,,,,,,,,1.0,,
Brașov,,,,,,,,,,,0.0,,,,,,,,,,,,,,,,,,,,
Bre,,,,,,,,,,,,,,,,,,,,0.0,,,,,,,,,,,
Brema,,,,,,,,,0.0,,,,,,,,,,,,,,,,,,,,,,
Breno,,,,,,,,,,,,,,,,,,,,,,,,,,,0.0,,,,
Brescia,1.0,3.0,2.0,1.0,1.0,0.0,2.0,3.0,0.0,1.0,1.0,0.0,2.0,1.0,2.0,0.0,0.0,0.0,1.0,4.0,2.0,5.0,1.0,0.0,2.0,1.0,6.0,1.0,4.0,0.0,0.0
Bresso,,,,0.0,0.0,,,,0.0,0.0,0.0,0.0,,,,,,,,,,,,,,,,,,,
Breuil-Cervinia,,0.0,0.0,,,0.0,0.0,,,,,,,,,,,,,0.0,0.0,,,,0.0,,,,,,
Briançon,,,,,,,,,,,,,,,,,,,,,,,,,,,0.0,,,,
Brignole,,,,,,,,0.0,,,,,,,,,,,,,,,,,,,,,,,
Brindisi,,,,,,,,,,,,,0.0,,,,,,,,,,,,,,,,,,
Brivio,,,,,,,,,,,,,,,,,,,,,,,,,0.0,,,,,,
Bruxelles,0.0,,,0.0,0.0,,0.0,,,,,,0.0,,,,,,,,,,,,,,,,,,
Bucine,,,,,,,,,,,,,,,,,,,,,,,,,,,,,,0.0,
Budrio,,,,,,,,,0.0,,,,,,,,,,,,,,,,,,,,,,
Busseto,,,,,,,,,,,,,,0.0,,,,,,,,,,,,,,,,,
Busto Arsizio,,,0.0,,,,,,,,,,0.0,,,,,,,,,,,,,,0.0,,,,
Béziers,,,,,,,,,,,,,,,,,,0.0,,,,,,,,,,,,,
Cairo Montenotte,,,,,,,,,0.0,,,,,,,,,,,0.0,,,0.0,,,,,,,,
Calais,,,,,,,,,,,,,,0.0,,,,,,0.0,,,,,,,,,,,
Calenzano,,,,,,,,,0.0,,,,1.0,,,0.0,,,,,,,,,,,,,,,
Calolziocorte,,,,,,,,,,,,,,,,,,,,,,,,,,,0.0,,,0.0,0.0
Caluso,,,,,,,,,,,,,,,,,,,,,,,,,,,,,,,0.0
Calvignasco,,,,,,,,,,,,,,,,,,,,,,,,0.0,0.0,0.0,,0.0,0.0,,0.0
Cantù,,,,,,,,,0.0,0.0,0.0,0.0,0.0,,,0.0,0.0,0.0,0.0,0.0,,,0.0,0.0,0.0,0.0,0.0,,,,
Capodistria,,,,,,,,,,,,,,0.0,,,,,,,,,,,,,,,,,
Capriate San Gervasio,,,,0.0,0.0,,,,0.0,0.0,0.0,0.0,0.0,,,0.0,0.0,0.0,0.0,0.0,,,0.0,0.0,0.0,0.0,0.0,,,0.0,0.0
Capua,,,,,0.0,,,,,,,,,,,,,,,,,,,,,,,,,,
Carbonera,,,,,,,,,,,,,,,,1.0,,,,,,,,,,,,,,,
Caresanablot,,,,,,,,,,,,,,,,,,,,,,,,0.0,,,,,,,
Carisio,,,,,0.0,,,,,,,,,,,,,,,,,,,,,,,,,,
Carnate,,,,,,,,,,,,,,,,,,,,,,,,,,,,0.0,,,
Caronno Pertusella,,,,,,,,,0.0,0.0,0.0,0.0,0.0,,,0.0,0.0,0.0,0.0,0.0,,,0.0,0.0,0.0,0.0,0.0,,,0.0,0.0
Carpenedolo,,,,,,,,,,,,,,,,,,,,,,,,,,,,0.0,,,
Carpi,,0.0,,,,,,0.0,,,,,,,,,0.0,,0.0,,0.0,,,,,,,,,0.0,
Carrara,,,0.0,,,0.0,,,,,,,,,,,,,,4.0,,1.0,,,,,3.0,,,,
Carugate,,,,,,,,,,,,,,,,,,,,,,,,,,0.0,,,,,
Casale Monferrato,,,,,,,,,,,,,0.0,,,,,0.0,,,,,,0.0,,,,,0.0,,
Casalecchio Di Reno,,,,,,0.0,,1.0,,,,,0.0,,,,,,0.0,0.0,,,,,,,,,,,
Casalmaiocco,,,,,,,,,,,,,,,,,,,,,,,,,,,,0.0,,,
Casarsa Della Delizia,,,,,,,,0.0,,,,,,,,,,,,,0.0,,,,,,,,,,
Cascia,,,,,,,,,,,0.0,,,,,,,,,,,,,,,,,,,,
Casciago,,,,,,,,,0.0,,,,,,,,,,,,,,,,,,,,,,
Cascina,,,,,,,,,,,,,,,,,,,,,0.0,,,,,,,,,,
Cascina Malpensa,0.0,,,,,,,,,,,,,,,,,,,,,,,,,,,,,,
Caselle,,,,,,,,,,,,,,,,,,,,,,,,,,0.0,,,,,0.0
Caserta,0.0,,,,,0.0,,,,,,,,,,,,,,0.0,,,0.0,,,,,,,,
Cassano D'adda,,,,,,,,,,,,,,,,,,,,,,,,,,,0.0,,,,
Cassino,,,,,,,,,,,,,,,,,,,,0.0,,,,,,,,,,,
Castel D'azzano,,,,,,,,,,,,,,,,,,,,,,,,,,,0.0,,,,
Castel San Pietro,,,,,,,,,,,,,,,,,,,,0.0,,,,,,,,,,,
Castel San Pietro Terme,,,,,0.0,,,,,,,,0.0,,,,,,,0.0,,,,,,,,,,,
Castelfidardo,,0.0,,,,,,,0.0,,,,,,,,,,,,,,,,,,,,,,
Castelfranco Emilia,,,,,,,,,,,,,,,,,,,,,,,,,,,0.0,,,,
Castelfranco Veneto,,,,,1.0,,,,,,,,1.0,,1.0,,,,,,,,,,,0.0,2.0,,,,
Castellammare Di Stabia,,,,,,,,,,,,,,,,,,,,,,,,0.0,,,,,,,
Castelletto Sopra Ticino,,,,,,,,,,,,,,,,,,,,,,,,,,0.0,,,,0.0,
Castelli Calepio,,0.0,,,,,,,,,,,,,,,,,,,,,,,,,,,,,
Castelnuovo Scrivia,,,,,,,,,,,,,,,,,,,,,,,,,,,0.0,0.0,,,
Castelrotto,,,,,,,,,,,,,,,,,,,,,,,,,,,,0.0,,,
Castelvetro Di Modena,,,,,,,,,,,,,,,,,,,,,,,,,,,0.0,,,,
Castenedolo,,,,,,0.0,,,,,,,,,,,,,,,,,,,,,,,,,
Castione,,,,,,,,,,,,,,,,,,,0.0,,,,,,,,,,,,
Catania,,,,,,,,,,,0.0,,,,,,,,,0.0,,,,,,,,0.0,,,
Catanzaro,,,,,,,,,,,,,,,,,,,,0.0,,,,,,,,,,,
Cattolica,1.0,,,,,,,,,,,,3.0,,,,0.0,,,,,,,,,,,,0.0,,
Cavaillon,0.0,,,,,,,,,,,,,,,,,,,,,,,,,,,,,,
Cavalese,,,,,,,,,,,,,,,,,,,,,,,,,,,,0.0,,,
Cavriana,,,,,,,,,,,,,,,0.0,,,,,,,,,,,,,,,,
Cecina,,,,,,,,,,,,,,,,,,,,,,1.0,,,,,,,,,
Celle Ligure,,,,,,,,,,,,,1.0,,,,,,,,,,,,,,,,0.0,,
Cento,,,,,,,,,,,,,,,,,,,,,,0.0,,,,,,,,,
Cermenate,,,,,,,,,,,,0.0,,,,,,,,,,,,,,,,,,,
Cernobbio,,,,,,,,,,,,,,,0.0,,,,,,0.0,,,,,,,,0.0,,
Cervia,,,,,,,,,,,,,,,,,,,,,0.0,,,,,0.0,,,,,
Cervo,,,,,,,,,,,,,,,,,,,,,,,,,,0.0,,,,,
Cesate,,,,,,,,,,,,,0.0,,,,,,,,,,,,,,,,,,
Cesena,2.0,,0.0,2.0,0.0,0.0,,2.0,2.0,0.0,0.0,,0.0,0.0,2.0,,1.0,0.0,1.0,4.0,0.0,2.0,0.0,0.0,,,5.0,2.0,1.0,,0.0
Cesenatico,,0.0,,,,,,,,0.0,,,,0.0,,,,,,,,,,0.0,,,,0.0,,,
Chamonix-Mont-Blanc,,,,,,,,,,,,,,,,,,,0.0,,,,,0.0,,,,,1.0,,
Champoluc,0.0,,,,0.0,,,,,,,,0.0,,,,,,,,0.0,,,,,,0.0,,,,
Charleroi,,,0.0,,,,,,,,,,,,,,,,,,,,,,,,,,,,
Chatillon,,0.0,,,,,,,,,,,,,,,,,,,,,,,,,,,,,
Chianciano Terme,,,,,,,,,,,,,,,,,,,0.0,,,,,,,,,,,,
Chiaravalle,,,,,,,,,,,,,,,,,,,,,,,,,,0.0,,,,,
Chiasso,,,,0.0,0.0,0.0,,0.0,0.0,0.0,0.0,,,,0.0,0.0,,,,,,,0.0,0.0,0.0,0.0,0.0,,0.0,0.0,0.0
Chiavari,0.0,,0.0,0.0,0.0,0.0,0.0,0.0,,,,,,,0.0,,,,,3.0,0.0,,,,,,,0.0,,,0.0
Chiavenna,,,0.0,,,,,,,,,,,0.0,,,,,,,0.0,,,,,0.0,,0.0,,,
Chiesa In Valmalenco,,,,,,,,,,,,,,,,,,,,,,0.0,,,,,,,,,
Chieti,,,,,,,,,0.0,,,,,,,,0.0,,,,,,,,,,0.0,,,,
Chiusi Della Verna,,,,,,,,,0.0,,,,,,,,,,,,,,,,,,,,,,
Chivasso,0.0,,,,,,0.0,,,,,,0.0,,,,,,,,,,,,,,1.0,,0.0,,
Cinisello Balsamo,,,,,,,,,,,,,,,0.0,,,,,,,0.0,,,,,,0.0,0.0,,
Cividate Camuno,,,,,,,0.0,,,,,,,,,,,,,,,,,,,,,,,,
Civitanova Marche,,,,,3.0,,,0.0,,,,,,,0.0,,0.0,,,,,,,,,0.0,3.0,,,,
Civitavecchia,,,,,,,,,,,,,,,,,,,,,,,,,,,0.0,,,,
Cles,0.0,,,,1.0,,,,,,,,,,,,,,,,,,,,,,,,,,
Codogno,,,,,,,,,,,,,,,,,,,,,0.0,,,,,,,,,,
Codroipo,,,0.0,,,,,,,,,,0.0,,,,,,,,,,,0.0,,,,,2.0,,
Cogoleto,,,,,,,,,,,,,,,,,,,,0.0,,,,,,,0.0,,,,
Coira,,,,0.0,,,,,,,,,,,0.0,,,,,,,,,,,,,,,,
Colico Piano,,,0.0,,,,,,,,,,,,,,,,0.0,,,,,,,,,,,,
Colle Sestriere,,,0.0,,1.0,,,,,,,,,,0.0,,,,,,,,,,,,,,,,
Collegno,,,,,0.0,,,,,,,,,,,,,,,1.0,,,0.0,,,,,0.0,,0.0,
Colmar,,,,,,,,,,,,,,,,,,,,0.0,,,,,,,,,,,
Cologna Veneta,,,,0.0,,,,,,,,,,,,,,,,,,,,,,,,,,,
Cologno Monzese,,,,,,,0.0,,,,,,,,,,,,,,,,,,,,,,,,
Como,0.0,0.0,0.0,0.0,0.0,0.0,0.0,0.0,0.0,0.0,,,0.0,,0.0,0.0,,,,0.0,0.0,,0.0,,,,,0.0,0.0,,
Concesio,,,,,,,,,,,,,,,,,,,,0.0,,,,,,,,,,,
Conegliano,,,,,0.0,,,,,,,,,,,,,,,,,,,,,,2.0,0.0,0.0,,
Conselve,,,,,,,,,,,,,,,,,,,0.0,,,,,,,,,,,,
Corbetta,,,,,,,,,,,,,0.0,,,,0.0,0.0,0.0,0.0,,,0.0,0.0,0.0,0.0,0.0,,,0.0,0.0
Corciano,,0.0,,,,,,,,,,,,,,,,,,,,,,,,,,,,,
Corigliano Calabro,,,,,,,,0.0,,,,,,,,,,,,,,,,,,,,,,,
Cormano,,,,,,,,,,,,,,,,,,,,0.0,,,,,,,,,,,
Correggio,,,,,,,,,,,,,,,,,,,,,,,,0.0,,,,,,,
Cortina D'ampezzo,,,,,,,,,,,,,,,,,,,,0.0,,,,,,,,,,,
Cortona,,,,,,,,0.0,,,,,,,,,,,,,,,,,,,,,,,
Cossato,,0.0,,,,,,,,,,,,,,,,,0.0,,,,,,,,0.0,,,,
Costa Di Mezzate,,,,,,,,,,,0.0,,,,,,,,,0.0,,,,,,,,,,,
Costa Masnaga,,0.0,0.0,0.0,0.0,0.0,,,0.0,0.0,0.0,0.0,0.0,,,0.0,0.0,0.0,0.0,0.0,,,0.0,0.0,0.0,0.0,0.0,,,0.0,0.0
Costanza,,,0.0,,,,,,,,,,,,,,,,,,,,,,,,,,,,
Courmayeur,,1.0,,,,2.0,,,,,,,1.0,,0.0,,,,,4.0,0.0,,,,,,2.0,,,,
Cracovia,,0.0,,,,,,,,,,,,,,,,,,,,,,,,,,,,,
Craiova,,,,,,,,,,,,,,,,,,,,,,,,,,,,,,,0.0
Crans-Montana,,,,,,,,,,,,,,,,,,,,,,,,,,,0.0,,,,
Crema,,,,,,,,,,,,,,,,,0.0,,,,,,,,,0.0,,,,,
Cremona,,,,,0.0,0.0,0.0,0.0,0.0,,,,,,0.0,0.0,0.0,,,0.0,,,0.0,0.0,,,0.0,0.0,,,0.0
Crescentino,,,,,,,,,0.0,,,,,,,,,,,,,,,,,,,,,,
Crevoladossola,,,,,,,,,,,0.0,,,,,,,,,,,,,,,,,,,,
Cuneo,,,,,,,,,,,,,,,,,,,,1.0,,,,,,,,,,,
Dalmine,,,,,,,,,,,,,,,,0.0,,0.0,,,,,,,,,,0.0,,,
Darfo,,,,0.0,,,,,,,,,,,,,0.0,,,1.0,,,,,,,,,,,
Desenzano Del Garda,,,,,,,,,,,,,,0.0,,,,,,0.0,,,,,,,,0.0,,,
Desenzano del Garda,,,,,,,,,,,,,,0.0,,,,,,,,,,,,,,0.0,,,
Desio,,,,,0.0,,,,,0.0,,0.0,,,,,0.0,,0.0,,,,,0.0,,0.0,,,,,0.0
Diano Marina,,,,,,,,,,,,,,,,,,,0.0,,,,,,,0.0,,,,,
Domodossola,,,,0.0,0.0,,,0.0,0.0,,,,0.0,0.0,,,0.0,,,0.0,,,,0.0,,0.0,0.0,,,0.0,
Drăgășani,,,0.0,,,,,,,0.0,,,,,,,0.0,,,,,,,0.0,,,,,,,0.0
Dueville,,,,,,,,,,,,,1.0,,,,,,,,,,,0.0,,,,,,,
Dumbrăvești,,,,,,,,,,,,,,,,,,,,,,,,,,,,0.0,,,
Düsseldorf,,,,0.0,,,,,,,,,,,,,,,,,,,,,,,,,,,0.0
Edolo,,,,,,,,,,,,,0.0,,,,,,,,,,,,,,,,,,
Eindhoven,,,,,,,,,,,,,,,,,0.0,,,,,,,,,,,,,,
Endine,,,,,,0.0,,,,,,,,,,,,,,,,,,,,,,,,,
Entreves,,,,,,1.0,,0.0,,,,,,,,,,,,,,,,,,,,,,,
Fabriano,,,,,,,,,,,,,,,,,,,,,,,,,,,,,0.0,,
Faenza,,,,,1.0,,,,,,0.0,0.0,0.0,0.0,,,,,,2.0,0.0,,,,,,1.0,,,,
Fai Della Paganella,,,,,,,,,,,,,,,,,,,,,,,,,,,0.0,,,,
Falconara Marittima,0.0,,,,,,0.0,,,,,,0.0,,,,,,,,,,,,,,,,,0.0,
Faloppio,,,,,,,,0.0,,,,,,,,,,,,,,,,,,,,,,,
Fano,,,,,,,1.0,1.0,0.0,,,0.0,,,,0.0,1.0,,,3.0,,,2.0,,1.0,1.0,,,2.0,0.0,0.0
Farniole,,,,,,,,,,,,,0.0,,,,,,,,,,,,,,,,,,
Farra Di Soligo,,0.0,,,,,,,,,,,,,,,,,,,,,,,,,,,,,
Feltre,,,,,0.0,,,,,,,,,,,,,,,,,,,,,,,,,,
Fermo,,,,,,,,,,,,,,,,,,,0.0,,,,,,,,,,,,
Ferno,,,0.0,0.0,0.0,,,,0.0,0.0,0.0,,0.0,0.0,,0.0,0.0,0.0,0.0,0.0,0.0,,0.0,0.0,0.0,0.0,0.0,,,0.0,0.0
Ferrara,,,,0.0,0.0,,,0.0,,,,,2.0,,2.0,,,,0.0,1.0,,,,,,0.0,3.0,,0.0,,
Ferrovia,,,,,,,0.0,,,,,,4.0,,,,,,,,,,,,,0.0,3.0,,,,
Fidenza,,,,,0.0,,,,,,,,0.0,0.0,,,0.0,0.0,,,,0.0,0.0,,0.0,,,,,0.0,0.0
Figline E Incisa Valdarno,,,,,0.0,,,,,,,,,,,,,,,,,,,,,,0.0,,,,
Figline Valdarno,,,,,,,,,,,,,0.0,,,,,,,,,,,,,,,,,,
Finale Ligure,,,,,,1.0,,,,,0.0,,1.0,0.0,,,,,,,,,,,,,,0.0,,,
Fino Mornasco,,,,,,,0.0,,,,,,,,,,,,,,,,,,,,,,,0.0,
Fiorano,,,,,,,,,,,,,,,,,,,0.0,,,,,,,,,,,,
Firenze,3.0,10.0,6.0,2.0,5.0,4.0,3.0,3.0,0.0,2.0,0.0,1.0,3.0,2.0,4.0,1.0,1.0,0.0,1.0,7.0,2.0,5.0,1.0,0.0,1.0,,9.0,1.0,4.0,1.0,1.0
Foggia,,,,,,,,,,,,,,,,,,,,,,,,,0.0,,,,,,
Foligno,,,1.0,,,0.0,,,,0.0,,0.0,,,,,,,,1.0,,,,,,,,,,,
Follonica,,,,,,,0.0,,,,,,0.0,,,,,,,,,,,,,,1.0,,,,
Fondi,,,,,,,,,0.0,,,,,,,,,,,,,,,,,,,,,,
Forlimpopoli,,0.0,,,,,,,,,,,0.0,,,,,,,,,,,,,,,,,,
Forlì,,,,1.0,0.0,,,,,0.0,,0.0,2.0,,,0.0,,,,0.0,,,1.0,,,0.0,2.0,1.0,0.0,0.0,
Fornacette,,,,,,,,,,,,,,,,,,,,0.0,,,,,,,,,,,
Forte Dei Marmi,,,,,,,,,,0.0,,,,,,,,,,,,0.0,0.0,,,,,,,,
Fossano,,,,,0.0,,,0.0,,,,,0.0,,,,,,,0.0,,,,,,,,,,,
Fossombrone,,,0.0,,,,,,,,,,,,,,,,,,,,,,,,,,,0.0,
Francoforte,,0.0,0.0,,,0.0,,,0.0,,0.0,,,0.0,,,0.0,,0.0,,,,,,,0.0,0.0,,,,
Frauenfeld,,,,,,,,0.0,,,,,,,0.0,,,,,,,,,,,,,,,,
Friburgo In Brisgovia,0.0,,,,,,,,,,,,,,,,,,0.0,,,,,,,,,,,,
Friedrichshafen,,,,,,,,,,,,,,,,,,,,,,,,,,,0.0,,,,
Gabicce Mare,,,,,,,,,,,,,,,,,,,,,0.0,,,,,,,,,,
Gallarate,,,0.0,,,0.0,,,,,,,0.0,,,,,,,0.0,,,,,,,0.0,0.0,0.0,,
Gallo,,,,,0.0,,,,,,,,,,,,,,,,,,,,,,,,,,
Gambolò,,,,,,,,,,,,,,,,,,,,,0.0,,,,,,,,,,
Gandino,,,,,,,,,,,,,,,0.0,,,,,,,,,,,,,,,,
Gardone Val Trompia,,,,,,,,,,,,,0.0,,,,,,,,,,,,,,,,,,
Gatteo,,,,,,,,0.0,,,,,,,,,,,,,,,,,,,,,,,
Gavi,,,,,,,,,,,,0.0,,,,,,,,,,,,,0.0,,,,0.0,,
Genova,7.0,6.0,6.0,8.0,10.0,8.0,4.0,9.0,4.0,6.0,8.0,4.0,20.0,7.0,7.0,8.0,3.0,8.0,7.0,32.0,9.0,9.0,6.0,4.0,5.0,4.0,24.0,8.0,8.0,7.0,1.0
Ginevra,,3.0,,,1.0,,0.0,,,,,,,1.0,5.0,,,,2.0,,1.0,5.0,,,,,1.0,,,,
Giovenzano,,0.0,0.0,0.0,0.0,,,,0.0,0.0,0.0,0.0,0.0,,,0.0,0.0,0.0,0.0,0.0,,,0.0,0.0,0.0,0.0,0.0,,,0.0,0.0
Giovinazzo,,,,0.0,,,,,,,,,,,,,,,,,,,,,,,,,,,
Girona,,,,,,0.0,,,,,,,,,,,,,,,,,,,,,,,,,
Giulianova,,,,,0.0,,,,,,0.0,,0.0,,,,,,,,,,,,,0.0,,,,,
Gorizia,,,,,,,,,,,,,1.0,,,,,,,,0.0,,,,,,,,,,
Gorla Maggiore,,,,,,,,,,,,0.0,0.0,,,0.0,0.0,0.0,0.0,0.0,,,0.0,0.0,0.0,0.0,0.0,,,,
Gorlago,,,,,,,,,,,,,,,,,,,,0.0,,,,,,,,,,,
Grancia,,,,,,,,,,,,,,,,,,,,,,,,,,,,2.0,,,
Gravedona,,,0.0,,,,,,,,,,0.0,,,,,0.0,,,,,,,0.0,,,,,,
Gravellona Toce,,0.0,,,,,,,,,,,,,,,,,,,,,,,,0.0,,,,,
Graz,,,,,,,,,,,,,,,,,,,,,,,,,,,0.0,,,,
Grenoble,6.0,,,,2.0,,,1.0,1.0,,,,0.0,,1.0,,,0.0,,1.0,,,,,,,,,3.0,,
Gressoney-La-Trinitè,,,,,,0.0,,,,,,,,,,,,,,,,,,,,,,,,,
Gressoney-Saint-Jean,,,,0.0,,,,,,,,,,,,,,,,0.0,,,,,,,,,,,
Gropello Cairoli,,,,,,,,,,0.0,0.0,0.0,0.0,,,,,,0.0,0.0,,,0.0,,,,0.0,,,0.0,
Grosseto,0.0,,,0.0,1.0,,,,,,,,,,,,,,,,,,,,,,,,,,
Grottammare,,,,,0.0,,,,,,,,,,,,,,,,,,,,,,,0.0,,,
Grugliasco,,,,,0.0,,,,,,,0.0,,,,,,,0.0,,,,,,,,,,,,
Guanzate,,0.0,0.0,0.0,0.0,0.0,,,0.0,0.0,0.0,0.0,0.0,,,0.0,0.0,0.0,0.0,0.0,,,0.0,0.0,0.0,0.0,0.0,,,0.0,0.0
Guastalla,,,,,,,,,,,,,,,,,,,,,,,,0.0,,,,,,,
Gussago,0.0,,,,,,,,,,,,,,,,,,,,,,,,,,,0.0,,,
Heidelberg,,,,,,,,,0.0,,,,,,,,,,,,,,,,,,,,,,
Hella,,,,,,,,,,,,,,,,,,,,,,,0.0,,,,,,,,
Hyères,,,,,,,,,,,,,,,,,,,,0.0,,,,,,,,,,,
Imola,,,,,,,,,,,,,,0.0,,,,,,1.0,,,,,,,0.0,,,,
Imperia,,,,,,,,2.0,1.0,,,,3.0,,,,,,,,1.0,,,,,0.0,1.0,2.0,3.0,,
Impruneta,,,,,,,,0.0,,,,,,,0.0,,,,,0.0,,0.0,0.0,,0.0,,,,1.0,,
Innsbruck,,,,,,,,,,,,,,0.0,,,,,0.0,,,,,,,,,,,,
Ispra,,0.0,0.0,,,,,,,,,,,,,,,,,,,,,,,,,,,,
Istrana,0.0,,,,,,,,,,,,,,,,,,,,,,,,,,,,,,
Ivrea,,,0.0,0.0,0.0,,0.0,,,,0.0,0.0,,,,,,,0.0,0.0,,0.0,,,,,0.0,,0.0,,
Jesi,,,,,,0.0,0.0,,,,,,,,,0.0,,,,,1.0,,,,0.0,,1.0,0.0,,,
Karlsruhe,,,,,,,,,,,,,,,,,,,,,,1.0,,,,,,,,,
Küssnacht,,0.0,,,,,,,,,,,,,0.0,,,,,,,,,,,,,,,,
L'aquila,,,,,,,,,,,,,,,,,,,,,,,,,,,,0.0,,,
LI,,,,,,,,,,,,,,,,,,,,,,,0.0,,,,,,,,
La Celle-Sous-Gouzon,,,,,,,,,,,,,,,,,,,,,0.0,,,,,,,,,,
La Spezia,,1.0,0.0,0.0,,,,3.0,0.0,0.0,0.0,1.0,4.0,0.0,3.0,0.0,,0.0,0.0,6.0,1.0,1.0,0.0,0.0,2.0,1.0,3.0,1.0,3.0,2.0,
La Thuile,,,,,,1.0,,,,,,,,0.0,,,,,,,,,,,,,,,,,
Laax,,,,,,,,,,,,,,,,,,,,0.0,,,,,,,,,,,
Laigueglia,,,,,,,,,,,,,,,,,,,,,,,,,,,,,,,0.0
Lainate,,,,,,,,,,,,,,,,,0.0,0.0,0.0,0.0,,,,0.0,0.0,0.0,0.0,,,,0.0
Lamezia Terme,,,0.0,,,,,,,,,,,,,,,,,0.0,,,,,,,,,,,
Lancenigo,,,,,,,,,,,,,,,,,,,0.0,,,,,,,,,,,,
Latina,,,,,,,,,,,,,,,,,,,,,,,,,,,0.0,,,,0.0
Lavagna,,0.0,,,,,,,,,,,,0.0,,,,,,,,,,,,,,0.0,,,
Laveno-Mombello,,,,,,,,0.0,,,,,,,,,,,,,,0.0,,,,,,,,,
Lavis,,,,,,,,,,,,,,,,,,,,,,0.0,,,,,,,,,
Lazise,,,,,,,,,,,0.0,,,,,,,,,,,,,,,,,,,,
Le Grand-Saconnex,,,,,,,,,,,,,,,,0.0,,,,,,,,,,,,,,,
Lecce,,,,0.0,0.0,,,,,,,,,,,,,,,,,,0.0,,,0.0,,,,,
Leccio,,,,,,,,,,,0.0,,,,,,,,,,,,,,,,,,,,
Lecco,,,0.0,0.0,,,,,0.0,,0.0,,0.0,0.0,0.0,,,,,0.0,0.0,0.0,,,,,,0.0,,0.0,
Legnago,,,,,,,,,,,,,,,,,,,,,,,,,,,,,0.0,,
Legnano,,,0.0,,,,,,,,,,,,,,,,,0.0,,,0.0,0.0,0.0,0.0,0.0,,,0.0,0.0
Lerici,,,0.0,,,,,0.0,,,,,,,,,,,,,,,,,,,,,,,
Leukerbad,,,,,,,,,0.0,,,,,,,,,,,,,,,,,,,,,,
Levanto,,,,,,,,,,,,,,,,,,,,,,,,,,,0.0,,,,
Lido Di Ostia,,,,,,,,0.0,,,,,,,1.0,,,,,,,,,,,,,,,,
Lignano Sabbiadoro,,,,,,,,,,,,,,,,,,,,,,,,,,,1.0,,,,
Limone Piemonte,,,,,,,,,,,,,,,,,,,,,,,,,,,,0.0,,,
Linate,,,,,,,,,,,,,,,0.0,,,,,,,,,,,,,,,,
Lindau,,,,,,,,,,,,,,,,,,,0.0,,,,,,,,,,,,
Lione,11.0,,,,,,,,,,,,0.0,,,,,0.0,,0.0,,2.0,,,0.0,,,,2.0,0.0,0.0
Livigno,,0.0,0.0,,0.0,0.0,0.0,,,,,,,,,,,,,0.0,,,,,,,0.0,,,,
Livinallongo del col di lana,,,,,,,,,,,,,,,,,0.0,,,,,,,,,,,,,,
Livorno,,1.0,,0.0,,,,3.0,,0.0,,,,,,0.0,,1.0,0.0,1.0,,5.0,,0.0,1.0,,0.0,,4.0,,
Loano,1.0,,,,,,,,,,,1.0,3.0,,,,,0.0,,4.0,0.0,0.0,,,,,,0.0,1.0,,
Locarno,,,,,,,,,,,,,,1.0,,,,,,0.0,,,0.0,,,,,,,,
Locate Di Triulzi,,0.0,0.0,,0.0,0.0,,,,,,,,,,,,,,,,,,,,,,,,,
Lodi,,,0.0,,,,,,,,,,,,,,0.0,,,,,,,,,,0.0,,,,0.0
Londra,,,0.0,,,,,,,,,,,,,,,,,,,,,,,,,,,,
Longarone,,,,,,0.0,,,,,,,,,,,,,,,,,,,,,,,,,
Losanna,,1.0,,,,,,3.0,,,,,,,,,,,0.0,0.0,,3.0,,,,,,,,,
Lovere,,,,,,,,,,,,0.0,,,,,,,,,,,,,,0.0,,,,,
Lubiana,,,,,,,,,,,,,,,,,0.0,,,,,,,,,,,0.0,,,
Lucca,,1.0,,0.0,,1.0,,1.0,0.0,0.0,0.0,1.0,,,0.0,0.0,0.0,,,5.0,1.0,,,,,,,,2.0,,
Lucera,,,,,0.0,,,,,,,,,,,,,,,,,,,,,,,,,,
Lucerna,1.0,,,1.0,2.0,1.0,,0.0,0.0,,,,,,3.0,0.0,,0.0,0.0,1.0,,,,0.0,,0.0,0.0,0.0,2.0,0.0,
Lugano,0.0,1.0,2.0,1.0,1.0,1.0,1.0,1.0,0.0,0.0,1.0,1.0,1.0,1.0,2.0,2.0,0.0,0.0,1.0,2.0,1.0,2.0,0.0,0.0,1.0,1.0,1.0,,4.0,1.0,1.0
Lugo,,0.0,,,,,,,,,,,,,,,,,,,,,,,,,,,,,
Luino,,,,,0.0,,,,,,,,,,,,,,,,,,,,,,0.0,,,,
Lurago Marinone,,,,,,,,,,,,0.0,,,,,,,,,,,,,,,,,,,
Lussemburgo,,,,,,,0.0,,,,,,,,,,,,,,,,,,,,,,,,
Maastricht,,,,,,,,,,0.0,,,,,,,,,,,,,,,,,,,,,
Macerata,,,,,,,,,,,,,0.0,0.0,,,,,,,,,,,1.0,,,,0.0,,
Macugnaga,,,,,,,0.0,,,,,,,,,,,,,,,,,0.0,,,,,,,
Madesimo,,0.0,,,,,,,,,,,0.0,,0.0,,,,,,,,,,,,,0.0,,,
Madonna Di Campiglio,,,,,,,,,,,,,,,0.0,,,1.0,,,0.0,,,,,,,0.0,,,
Magreglio,,,,,,,,0.0,,,,,,,,,,,,,,,,,,,,,,,
Maida,,,,,,,0.0,,,,,,,,,,,,,,,,,,,,,,,,
Malgrate,,,,,,,,,,,,,,,,,,,,,,,,,,,,,0.0,,
Malè,,,,,,,,,,,,,,,,,,,,,,,,,,,,0.0,,,
Mandelieu-La-Napoule,,,,,,,,,,,,,,,,,,,,,,,,,,,,,0.0,,
Mannheim,,1.0,,,,,,,,,,,,,,,,,,,,,0.0,,,,,,,,
Manno,,,,,,,,,,,1.0,,,,,,,,,,,,,,,,,,,,
Mantova,,,0.0,,,0.0,,0.0,,0.0,0.0,,0.0,,,0.0,,,,0.0,0.0,,0.0,,,,,,,,
Maranello,,,,,,,0.0,,,,,,,,,,,,,,,,,,,,,,,,
Maresso,,,,,,,,,,,,,,,,,,,,,,,,0.0,,,,,,,
Mariano Comense,,,0.0,,0.0,,0.0,,,0.0,,0.0,,,0.0,,0.0,,0.0,,0.0,,,0.0,,0.0,,,0.0,,0.0
Marina Di Massa,,,,,,,,,,,,,,,,,,,,,,,,,0.0,,,,,,
Marino,,,,,,,,,,,,,,,,,,,,,,,,,,,,,0.0,,
Marostica,,,,,,,,,,,,,,,,,0.0,,,,,,,,,,1.0,,,,
Marotta,,,,,,,,,,,,,,,,,0.0,,,,,,,,,,,,,,
Marsiglia,,0.0,,,,,,,,,,1.0,,,,,,,,,,,,,,,,,,,
Martigny,,,1.0,,,,,,,,,,,,,,,,,,,,,,,,,,,,
Martina Franca,,,,,,,,,,,,,,,,,,0.0,,,,,,,,,,,,0.0,
Massa,,,,,0.0,,,0.0,,,,,,,,,,,,2.0,0.0,0.0,0.0,,,,1.0,,,,
Massa Finalese,,,,,0.0,,,,,,,,,,,,,,,,,,,,,,,,,,
Masseria Fortino,,,,,,,,,,,,,,,,,0.0,,,,,,,,,,,,,,
Megève,,,,,,,,,,,,,,,,,,,,1.0,,,,,,,,,,,
Melzo,,,,,,,,,,,0.0,,,,,,,,,,,,,,,,,,,,
Memmingen,,,,,,,0.0,,,,,,,,,,,,,,,,,,,,,,,,
Menaggio,,0.0,,,0.0,,0.0,,,,,,,,,,,,,,,,,,0.0,,,,0.0,,
Mendrisio,,,0.0,,,,0.0,,0.0,0.0,,,,,,0.0,0.0,0.0,0.0,0.0,,,0.0,0.0,0.0,0.0,0.0,,,1.0,0.0
Mentone,,,0.0,,1.0,,,,,,,,0.0,,,,,,,0.0,,,,,,,,,1.0,,0.0
Merano,,,,,0.0,,,,,,,,,,,,,,,0.0,,,,,,,,,,,
Meyrin,,,,,,,,,,,,,,,,,,,,,,,,,,,,,0.0,,
Milano,0.0,0.0,0.0,0.0,0.0,0.0,0.0,0.0,0.0,0.0,0.0,0.0,0.0,0.0,0.0,0.0,0.0,0.0,0.0,0.0,0.0,0.0,0.0,0.0,0.0,0.0,0.0,0.0,0.0,0.0,0.0
Milano Marittima,,,,,,,,,,,,,,,,,,,,,,,,,,,,0.0,,,
Mirano,,,,,,,,0.0,,,,,,,,,,,,,,,,,,,,,,,
Modena,0.0,0.0,2.0,1.0,0.0,1.0,0.0,1.0,0.0,1.0,,0.0,4.0,,4.0,0.0,,0.0,2.0,8.0,2.0,1.0,0.0,0.0,1.0,0.0,8.0,1.0,4.0,0.0,0.0
Moggio,,,,,0.0,,,,,,,,,,,,,,,,,,,,,,,,,,
Mogliano Veneto,,,,,,,,,,,0.0,,0.0,,,,,,,,,,,,,,,,,,
Molini di Triora,,,,,,,,,0.0,,,,,,0.0,,,,,,,,,,,,,,,,
Mombello Di Torino,,,0.0,,,,,,,0.0,,,,,,,0.0,,0.0,,,,,0.0,,0.0,,,,,0.0
Monaco Di Baviera,1.0,1.0,,,,,0.0,4.0,,,,,0.0,0.0,0.0,,,,,,,,,,0.0,,,,0.0,,
Monaco di Baviera,,,,,,,,4.0,,,,,,,,,,,,,,,,,,,,,,,
Monaco-Ville,,,,,0.0,0.0,,1.0,,,,,,,4.0,0.0,,,,2.0,,,,,,,0.0,,,,
Monfalcone,,,,,1.0,0.0,,,0.0,,,,,,,,,0.0,,0.0,,,,,,,,,1.0,,
Montano,,,,0.0,,,,,,,,0.0,0.0,,,,,,,,,,,,,,,,,,
Montbéliard,0.0,,,,,,,,,,,,,,,,,,,,,,,,,,,,,,
Montebelluna,,,,,0.0,,,,,,,,,0.0,,,0.0,,,2.0,,,0.0,,,,,,,0.0,
Montecampione,0.0,,,,,,,,,,,,,,,,,,,,,,,,,,,,,,
Montecatini Terme,,0.0,,,,,,,,,,,0.0,0.0,,,,,,0.0,,,,,,,,,0.0,,0.0
Montecchio Maggiore-Alte Ceccato,,,,,0.0,,,,,,,,,,,,,,,0.0,,,,,,,,0.0,,,
Montelera,,,,,,,,,,,,,,,,,,,,,,,,,,,,,,,0.0
Montelupo Fiorentino,,,,,,,,,,,,,,,,,,,,,0.0,,,,,,,,,,
Montelupone,,,,,,,,,,,,,0.0,,,,,,,,,,,,,,,,,,
Montepulciano,,,,0.0,,,,,,,,,,,,,,,,,,,,,,,,,,,
Montorio al Vomano,,,,,,,,,,,,0.0,,,,,,,,,,,,,,,,,,,
Montpellier,,,,,3.0,,,,,,0.0,,,,,,,,,,,,0.0,,,,0.0,,,,
Montreux,,,,,,,,,,,,,,,,,,,,,,,,,,,,,,0.0,
Monza,0.0,0.0,0.0,0.0,0.0,0.0,0.0,0.0,0.0,0.0,0.0,0.0,0.0,0.0,0.0,,,,,,,,0.0,0.0,0.0,0.0,,0.0,0.0,,
Morbegno,,,,,,,,,0.0,,,0.0,,0.0,0.0,,,,,,,0.0,,0.0,,,,0.0,,0.0,
Morgex,,,,,0.0,,,,,,,,,0.0,,,,,,,,,,,,,,,,,
Moron,,,,,,,0.0,,,,,,,,,,,,,,,,,,,,,,,,
Mortegliano,,,,,,,,,,,,,,,,,,,,,,,0.0,,,,,,,,
Mossini,,,,,1.0,,,,,,,,,,,,,,,,,,,0.0,,,1.0,0.0,,,
Motta Visconti,,,,,,,,,,,,0.0,,,,,,,,,,,,,,,,,,,
Mozzo,,,,,,,,,,,,,,0.0,,,,,,,,,,,,,,,,,
Muggiò,,,,,,,,,,,,,,,,,0.0,0.0,0.0,0.0,,,,,,,,,,,
Musile Di Piave,,,,,,,,,,,,,,,,,,,,2.0,,,,,,,,,,,
Mâcon,,,,,,,,,,,,,,,,,,,,,,,,,,,0.0,,,,
Nancy,,,,,,,,,,,,,,,,,0.0,,,,,,,,,,,,,,0.0
Napoli,,,,1.0,0.0,,,1.0,0.0,,,,,,,,,,0.0,1.0,,,,,0.0,,0.0,,,0.0,
Nembro,,0.0,,,,,,,,,,,,,,,,,,0.0,,,,,,,,,,,
Neuchâtel,,,,,,,,,,,,,,,2.0,,,,,,,,,,,,,,,,
Nibionno,,,,0.0,0.0,,,,0.0,0.0,0.0,0.0,0.0,,,0.0,0.0,0.0,0.0,0.0,,,0.0,0.0,0.0,0.0,0.0,,,0.0,0.0
Nizza,14.0,6.0,4.0,1.0,5.0,2.0,,2.0,0.0,0.0,,,3.0,,,0.0,,,,,0.0,3.0,2.0,1.0,,,3.0,,,,1.0
Nizza Monferrato,,,,,,,,,0.0,,,,,,,,,,,,,,,,,,,,,,
Nommern,,,,,,,,,,,,,,,0.0,,,,,,,,,,,,,,,,
Norimberga,,0.0,,,,,,,,,,,,,,,,,,,,,,,,,0.0,,,,
Novara,,1.0,0.0,0.0,0.0,,0.0,0.0,0.0,0.0,,0.0,0.0,,0.0,1.0,0.0,,0.0,0.0,,,0.0,0.0,0.0,0.0,1.0,0.0,1.0,0.0,0.0
Nove,,,,,,,,,,,,,,,,,,,,,,,,,,,1.0,,,,
Novegro-Tregarezzo,,,,,,,,,,,,,,,,,,,,,,,0.0,,,,,,,,
Novi Ligure,,,,,,0.0,,,,,,,0.0,,,,,,0.0,0.0,,,0.0,,,,0.0,,,,
Nuova Ulma,,,,,,,,0.0,,,,,,,,,,,,,,,,,,,,,,,
Occhieppo Inferiore,,,,,,,,,,,,,,,,,,,,,,,,,,,,,0.0,,
Occhiobello,,,,,,,,,,,,0.0,,,,,,,,,,0.0,,,,,,,,,
Oggiono,,,,,,,,,,,,,,,,,,,,,,,,,,,,,,,0.0
Oleggio,,,,,,0.0,,,,,,,,,,,,,,,,,,,,,0.0,,,,
Olevano Di Lomellina,,,,,0.0,,,,,,,,,,,,,,,,,,,,,,,,,,
Opfikon,,,,,,,,0.0,,,,,,,,,,,,,,,,,,,,,,,
Opicina,,,,,,,,,,,,,,,,,,,0.0,,,,,,,,2.0,,,,
Orio Al Serio,,,,,,1.0,0.0,,,,,0.0,0.0,,,,,0.0,,,,,0.0,,,,,,,0.0,
Orio al Serio,,1.0,0.0,1.0,,1.0,0.0,,0.0,0.0,0.0,0.0,0.0,,,0.0,0.0,0.0,1.0,1.0,0.0,0.0,0.0,0.0,0.0,0.0,0.0,,2.0,0.0,0.0
Ornavasso,,,,,,,,,,,,,0.0,,,,,,,,,,,,,,0.0,,,,
Orte,,,0.0,,,,,0.0,,,,,,,,,,,,,,,,,,,,,,,
Orvieto Scalo,,,,,0.0,,,,,,,,,,,,,,,,,,,,,,,,,,
Ospedale,,,,,,,,,,,,,,,,,,,,,,,,,,0.0,,,,,
Ostra,,,,,,,,,,,,,0.0,,,,,,,,,,,,,,,,,,
Outlet,,,,,,,,,,,,,,,,,,,,,,,,,,,,,1.0,,
Ovada,,,0.0,,,0.0,,,,0.0,,,1.0,,,,,,,,0.0,,,0.0,,,,,0.0,,
Paderno Dugnano,,,,0.0,0.0,,,,,,,,,,,0.0,0.0,0.0,,,,,,0.0,0.0,,,,,,0.0
Padova,2.0,9.0,8.0,3.0,6.0,3.0,3.0,6.0,3.0,0.0,2.0,3.0,9.0,3.0,10.0,1.0,,1.0,2.0,16.0,5.0,7.0,2.0,0.0,,2.0,15.0,6.0,8.0,4.0,1.0
Palazzolo Sull'oglio,,,,,,,,,,,,,,,,,,,,0.0,,,,,,,,,,,
Pallanzeno,0.0,,,,,,,,,,,,,,,,,,,,,,,,,,,,,,
Palmanova,,,,,,,,,,,,,,,,,,,,,0.0,,0.0,,,,,,,,
Pandino,,,,,,,,,,,,,,,,,,,,,,,0.0,,,,,,,,
Paradiso,,,,,,,,,,,,0.0,,,,,,,,,,,,,,,,,,,0.0
Paratico,,,,,,,,,,,,,,,,,,,,,,0.0,,,,,,,,,
Parigi,,,,,,0.0,,,0.0,,,1.0,,,,,0.0,0.0,,,,,0.0,,,,,,,,
Parma,0.0,2.0,1.0,1.0,0.0,1.0,0.0,1.0,0.0,2.0,0.0,0.0,3.0,1.0,2.0,0.0,0.0,1.0,3.0,3.0,0.0,3.0,0.0,0.0,2.0,0.0,7.0,2.0,2.0,1.0,0.0
Passignano Sul Trasimeno,,,,,,,,,,,,,,,,,,,,,,0.0,,,,,,,,,
Passo Del Tonale,,,,,,,,,,,,,1.0,,,,,,,,,,,,,,,,,,
Pavia,0.0,0.0,0.0,0.0,0.0,0.0,,,0.0,0.0,0.0,0.0,0.0,0.0,0.0,1.0,0.0,0.0,0.0,0.0,,,0.0,0.0,0.0,0.0,0.0,,,0.0,0.0
Pergine Valsugana,,,,,0.0,,,,,,,,,,,,,,,,,,,,,,,,,,
Perugia,,,0.0,,3.0,0.0,0.0,2.0,0.0,,,,4.0,,0.0,0.0,,0.0,0.0,4.0,0.0,,0.0,0.0,,0.0,6.0,,2.0,0.0,
Pesaro,,,,0.0,1.0,1.0,,,,0.0,,,,,,,,,0.0,6.0,1.0,,,0.0,,1.0,7.0,,,,
Pescara,,,,0.0,0.0,1.0,1.0,,,0.0,,,,,1.0,,,,,4.0,,,,,,,3.0,0.0,,,
Peschiera Del Garda,0.0,,,,1.0,,,1.0,0.0,,0.0,0.0,2.0,,0.0,,,0.0,1.0,0.0,,,0.0,0.0,0.0,,0.0,0.0,0.0,0.0,
Piacenza,0.0,,1.0,0.0,1.0,0.0,0.0,1.0,0.0,0.0,0.0,0.0,1.0,0.0,0.0,0.0,0.0,0.0,1.0,0.0,0.0,0.0,0.0,0.0,0.0,0.0,1.0,0.0,1.0,0.0,0.0
Pian Camuno,,,,,,0.0,,,,,,,,,,,,,,,,,,,,,,,,,
Pietra Ligure,,0.0,,,,0.0,,,,,,,3.0,,,,,,,,0.0,,,,,,,0.0,,,
Pietrasanta,0.0,0.0,,,,,,0.0,,,,,,,0.0,,,,,,,0.0,,,,,,,1.0,,
Pieve Di Soligo,,,,,,,,,,,,,,,0.0,,,,,,,,,,,,,,0.0,,
Pieve Ligure,,,0.0,,,,,,,,,,,,,0.0,,,,,,,,,,,,,,,
Pinerolo,,,,,,0.0,,,,,,,0.0,,0.0,,,,,,0.0,,,,,0.0,,,,,
Pinzolo,,,,0.0,,,,,,0.0,,,,,,,,,,1.0,,,,,,,,,,,
Pioltello,,,,,,,,,,,,,,,0.0,,,,,,,0.0,,,,,,,0.0,,
Piombino,,,,,,,,,,,,0.0,,,,,,,,1.0,,,,,,,,,,,
Piovene Rocchette,,,,,,,,,,,0.0,,,,,,,,,0.0,,,0.0,,,0.0,,,,,
Pisa,,3.0,,,,1.0,1.0,6.0,,0.0,2.0,0.0,5.0,2.0,5.0,0.0,1.0,3.0,1.0,,,,1.0,,2.0,,14.0,0.0,9.0,,
Pistoia,0.0,,,,0.0,,,,,,0.0,,,,,,,,,,,,,,,,,,0.0,,
Plan-Les-Ouates,,,,,,,,,,,,,,,,,,,,,,,0.0,,,,,,,,
Poggio Rusco,,,,,,,,,,,,,,,,,,,,,0.0,,,,,,,,,,
Pogno,,,0.0,,,,,,,,,,,,,0.0,,,0.0,,,,0.0,,,0.0,,,,,
Policastro Bussentino,,,,,0.0,,,,,,,,,,,,,,,,,,,,,,,,,,
Pont-Saint-Martin,,0.0,,,0.0,,,,,,,,0.0,,,,,,,,,,,,,,,,,,
Pontasserchio,,,,,,,,,,,,,,,,,,,,,,,,,,,,0.0,,,
Ponte Di Legno,0.0,,,,,,,,,,,,,,,,,,,,,,,,,,,,,,
Ponte Nelle Alpi,,,,,,,,,,,,,,,,,,,,,,,,,,,0.0,,,,
Ponte San Giovanni,,,,,,,,,,,,,,,,,0.0,,,4.0,,,,,,,,,,,
Ponte San Pietro,,,,,,,,,,,,,,,,,0.0,0.0,0.0,0.0,0.0,0.0,,0.0,0.0,0.0,0.0,0.0,0.0,,0.0
Ponte Taro,,,,,,,,0.0,,,,,,,0.0,,,,,,,,,,,,,,0.0,,
Ponte Tresa,,,,,,,,,,,,,,,,,,,,,,,,,,,,,0.0,,
Pontecorvo,,,,,,,,,0.0,,,,,,,,,,,,,,,,0.0,,,,,,
Pontremoli,,,,,,,,,,,,,,,,,,,,,,0.0,,,,,,,,,
Pordenone,,,,,0.0,,,,,0.0,2.0,,1.0,,,,,,,,,1.0,,,,0.0,,,1.0,,
Porto Potenza Picena,,,,,,,,,,,,,,,,,,,,0.0,,,,,,,,,,,
Porto Recanati,,0.0,,,,,,,,,0.0,,,,,,,,,,,,,,,,,,,,
Porto San Giorgio,,,,,,,,0.0,,,,0.0,,,,,,,,,,,,,,,1.0,,,,
Porto Sant'elpidio,,0.0,,,0.0,,,,,,,,,,,,,,,,1.0,,,,,,,,,,
Portogruaro,,,,,,,,,,,,,,,,,,,,1.0,,,,,,,0.0,,,,
Prato,,0.0,,,1.0,,0.0,,,,,,1.0,,,,,0.0,,0.0,0.0,,,0.0,,,1.0,,,,
Prato Sesia,,,,,,,,,,,,,0.0,,,,,,,,,,,,,,,,,,
Prignano Sulla Secchia,,,,,,,,,,,,,,,,,,,,,0.0,,,,,,,,,,
Périssac,,,,,,,,,,,,,,,,,,0.0,,,,,,,,,,,,,
Quarona,,,,,,,,,,,,,0.0,,,0.0,,,,,,,0.0,,,,,,,,
Quarto D'altino,,,,,,,,0.0,,,,,0.0,,,,,,,0.0,,,,,,,0.0,,,,
Ragusa,,,,,,0.0,,,,,,,,,,,,,,,,,,,,,,,,,
Rapallo,0.0,,,1.0,1.0,0.0,1.0,,,,,0.0,,0.0,,,,,,,,0.0,,,,,3.0,0.0,,,
Ravenna,,,,,,0.0,0.0,2.0,,,,,1.0,,0.0,,,,,,1.0,1.0,,0.0,,0.0,2.0,0.0,1.0,,0.0
Ravensburg,,,,,,,,0.0,,,,,,,,,,,,,,,,,,,,,,,
Recanati,,,,,,,,,,,,,,,,,,,,,,,,,,,0.0,,,,
Recco,,,,,0.0,,,,,,,,,,,,,,,1.0,,,,,,,1.0,,,,
Reggello,,,,,,,,,,,,,,,,,,,,,,,,,,,,,0.0,,
Reggio Calabria,,,,,,,0.0,,,,,,,,,,,,,,,,,,,,,,,,
Reggio Emilia,,0.0,0.0,0.0,0.0,,0.0,0.0,,,0.0,0.0,3.0,0.0,1.0,,,0.0,1.0,3.0,1.0,1.0,0.0,0.0,,,4.0,1.0,0.0,0.0,1.0
Reggio nell'Emilia,,,,,,,,,,,,,,,,,,,,,,,,,,,,,,0.0,
Reisenschuh,,,,,,,,,,,,,,,,,,,,,,,,,,,,,0.0,,
Rescaldina,,,,0.0,,,,,,,,,,,,,,,,,,,,,,,,,,,
Reutlingen,,0.0,,,,,,,,,,,,,,,,,,,,,,,,,0.0,,,,
Rho,,,,,,,,,,,,0.0,0.0,,,0.0,0.0,0.0,0.0,0.0,0.0,,0.0,,0.0,0.0,0.0,,,0.0,
Riccione,,,,,,,,,,,,,,0.0,,,,,,2.0,,,,,,,1.0,2.0,,,
Rimini,1.0,,,3.0,3.0,2.0,0.0,4.0,3.0,2.0,0.0,,2.0,1.0,4.0,2.0,,0.0,0.0,10.0,3.0,6.0,7.0,0.0,,4.0,7.0,3.0,1.0,2.0,
Riva Del Garda,,,,,,,,,,,,0.0,,,,,,,,,,,,,,,0.0,,,,
Riva presso Chieri,,,,,0.0,,,,,,,0.0,,,,,,,,,,,,,,,,,,,0.0
Rivarolo Canavese,,,,,,,,,,,,,,,,,,,,,,,,,,,0.0,,,,
Rivoli,,,,,0.0,,,,,,,,,,,,,,,,,,,,,,,,,0.0,
Rodengo-saiano,,,,,,,,,,,,,,,,,,,,,,0.0,,,,,,,,,
Rolle,,,,,,,,,,,,,,,,,,,,,,,,,,0.0,,,,,
Roma,2.0,7.0,1.0,3.0,4.0,3.0,1.0,5.0,2.0,0.0,1.0,0.0,1.0,0.0,1.0,1.0,0.0,0.0,1.0,2.0,1.0,2.0,,2.0,0.0,0.0,1.0,2.0,0.0,0.0,0.0
Romagnano Sesia,,,0.0,,,,,,,,,,,,,,,,,,,,,,,,,,,,
Roncadelle,,,,,,,,,,,,,,,,,,,,,,,,,,1.0,,,,,
Ronchi,0.0,,,,,,,,,,,,,,,,,,,,,,,,,,,,,,
Roncone,,,,,,,,,,,,,,,,,,,0.0,,,,,,,,,,,,
Roquebrune-Cap-Martin,,,,,,,,,,,,,,,,,,,,1.0,,,,,,,,,,,
Roseto Degli Abruzzi,,,,,,,,,,,,,,,,,,,,,,,,,,,,0.0,,,
Rotterdam,,,,,,,,,,,,,,,,,,,,,,,0.0,,,,,,,,
Rovato,0.0,,,,,,,,,,,,,,,,,,,,,,,,,,,,,,
Rovereto,,,,,2.0,0.0,,,,0.0,0.0,,,,2.0,,,,,,,1.0,0.0,0.0,,,0.0,0.0,,,
Rovigo,0.0,,,,,0.0,,,0.0,,,,,0.0,,0.0,,,,,,,0.0,,,,,,,0.0,
Rozzano,,,,,,,,,,,,,,,,,,,0.0,,,,0.0,,,,0.0,,0.0,,
Sachseln,,,,,,,,,,,0.0,,,,,,,,,,,,,,,,,,,,
Sacile,,,,,,,,,,,,,,,,,,,,,,,,0.0,,,,,,,
Saint-Christophe,,,,,,,,,,,,,,,,,0.0,,,,,,,,,,,,,,
Saint-Laurent-Du-Var,,,,,0.0,,,,,,,,,,,,,,,0.0,,,,,,,,,,,
Saint-Vincent,,,,,0.0,,,,,,,,,,,,,,,,,,,,,,,,,,
Saldina,,,,,,,,,,,,,,,,0.0,,,,,,,,,,,,,,,
Salerno,,,,,,,,,,,,,,,,,,,,,,,,,,,,,,,0.0
Sallanches,,1.0,,,,,,,,,,,,,,,,,,,,,,,,,,,,,
Salsomaggiore Terme,,,,,,,,,,,,,,0.0,,,,,,0.0,,,,,,,,,,,
Salò,,,,,,,0.0,,0.0,,,,,,,,,,,,,0.0,,,,,,,,,
San Bartolomeo Al Mare,,,,,,,,,,,,,,0.0,,,,,,3.0,,,,,,,,,,,
San Benedetto Del Tronto,,,0.0,,0.0,,,,,,0.0,,2.0,,1.0,,1.0,,,1.0,,,0.0,,,,,,,,
San Donato Milanese,,,,,,,,,,,,,,,0.0,,,,,0.0,,,1.0,0.0,0.0,0.0,0.0,,,0.0,0.0
San Donà Di Piave,,,,,,,,,,,,,3.0,,,0.0,,,,,0.0,,,,,,,,,,
San Fedele Intelvi,,0.0,,,,,,,,,,,,,,,,,,,,,,,,,,,,,
San Gallo,,0.0,,,0.0,,,,,,,,,,,,,,,,,,,,,,,,,,
San Giorgio Canavese,,,,,,,,,,,,,,,,,,,,,,,,,,,,,,,0.0
San Giovanni Lupatoto,,,,,,0.0,,,,,0.0,,0.0,,,,,0.0,,0.0,,,,,0.0,,0.0,,,,
San Giovanni Rotondo,,0.0,,,,,,,,,,,,,,,,,,,,,,,,,,,,,
San Lazzaro Di Savena,,,,,0.0,,,,,,,,0.0,,1.0,,,,,,0.0,0.0,,,,0.0,1.0,,0.0,,
San Lorenzo Di Parabiago,,,,,,,,,,,,,,0.0,,,,,,,,,,,,,,,,,
San Mariano,0.0,,,,,,,,,,,,,,,,,,,,,,,,,,,,,,
San Marino,,,,,,,,,,,,,,,0.0,,,,,,,,,,,,,,0.0,,
San Martino Buon Albergo,,,,,,,,,,,,,,,,,,,0.0,,,,,,,0.0,,,,,
San Martino Di Castrozza,,,,,,,,,,,,,,,,,,,,,,,,,,,,0.0,,,
San Martino In Campo,,,,,,,,,,,,,0.0,,,,,,,,,,,,,,,,,,
San Martino in Rio,,,,,,,,,,,,,,,,,,,,,0.0,,,,,,,,,,
San Maurizio,,,,,0.0,,,,0.0,,,,,,,,,,,3.0,1.0,,0.0,,,,,,,0.0,
San Mauro Torinese,,,,,1.0,,,,,,,,,,,,,,,,,,,,,,,,,,
San Pietro Al Natisone,,,,,,0.0,,,,,,,,,,,,,,,0.0,,,,,,,,,,
San Pietro In Cariano,,,,,,0.0,,,,,,,,0.0,,,,,,,,,,,,,,,,,
San Salvatore Monferrato,,,,,,,,,,0.0,,,,,,,,,,,,,,0.0,,,,,,,
San Sebastián,,,,,,,0.0,,,,,,,,,,,,,,,,,,,,,,,,
San Vigilio,,,,,,,,,,,,,,,,,0.0,,,,,,,,,,,,,,
Sandrigo,,,,,,,,,,,,,,1.0,,,,,,,,,,,,,,,,,
Sankt Margrethen,,,,,,,,,,,,,,,,,,,,,,,,0.0,,,,,,,
Sanremo,1.0,,,1.0,1.0,1.0,,,1.0,,,,,1.0,,,,,,2.0,1.0,0.0,,0.0,0.0,,4.0,0.0,1.0,,0.0
Sansepolcro,,,,,,,,,,0.0,,,,,,,,,,,,,,,,,,,,,
Santa Caterina,,,,,0.0,,,,,,,,,,,,,,,,,,,,,,,,,,
Santa Margherita Ligure,,,,,,,,,,,,,3.0,,,,,,,,,,,,0.0,,3.0,,,,
Santarcangelo Di Romagna,,,,,,,,,,,,,,,,,,,,,,,,,,,,0.0,,,
Santhià,,,,,0.0,,0.0,,,,,,0.0,,,,,,,,,0.0,,,,,0.0,0.0,,,
Santo Stefano Di Magra,,,,,,,,0.0,,,,,0.0,,,0.0,,,,0.0,,,0.0,,,,,,,1.0,
Santuario,,,1.0,,0.0,,,,,,,1.0,0.0,,0.0,,0.0,,,3.0,0.0,1.0,1.0,,,,,1.0,,,0.0
Sarcedo,,,,,,,,,,,,,,,,,,,,0.0,,,,,,,,,,,
Sarnico,,,,,,,0.0,,,,,,,0.0,0.0,,,,,,,,,,,,,,,,
Saronno,,,,,,,,,,,,,,,,,,,,,,,0.0,0.0,0.0,,,,,,
Sarzana,,0.0,,1.0,,,,1.0,1.0,,,0.0,0.0,0.0,0.0,,0.0,,1.0,0.0,,0.0,,0.0,,0.0,,0.0,1.0,,
Sassetta,,,,,,0.0,,,,,,,,,,,,,,,,,,,,,,,,,
Sassuolo,,,,,,,,,,0.0,,,,0.0,,,,,,,,,,,,0.0,0.0,,,,
Satriano di Lucania,,,,,,,0.0,,,,,,,,,,,,,,,,,,,,,,,,
Sauze D'oulx,,,,,,,,,,,,,,,,,,,,0.0,,,,,,,,,,,
Savigliano,,,,,,,,,,,,,,,,,,,,0.0,,,,,,,,,,,
Savona,2.0,3.0,2.0,,,1.0,,0.0,1.0,1.0,0.0,2.0,6.0,,2.0,2.0,0.0,0.0,1.0,8.0,2.0,2.0,1.0,0.0,,3.0,8.0,1.0,3.0,1.0,0.0
Scandicci,,,0.0,,,,,,,,0.0,,,,,,,0.0,,,,,,,0.0,,,,,0.0,
Schio,,,,,0.0,,,,,,,,0.0,,,,,,,,,,,,,0.0,,,,,
Schorndorf,0.0,,,,,,,,,,,,,,,,,,,,,,,,,,,,,,
Scorrano,,,,,,,,,0.0,,,,,,,,,,,,,,,,,,,,,,
Segni,,,,,,0.0,,,,,,,,,,,,,,,,,,,,,,,,,
Segrate,,,,,,,,,,,,,,,,,,,,,,,,0.0,0.0,0.0,0.0,0.0,0.0,0.0,0.0
Selva Di Val Gardena,,,,,,,,,,,,,,,,,,,0.0,,,,,,,,,,,,
Senago,,,,,,,,,,,,,,,,0.0,0.0,0.0,0.0,0.0,,,0.0,0.0,0.0,0.0,0.0,,,,
Senigallia,0.0,0.0,,,4.0,,,1.0,,,0.0,,2.0,,,,,,,1.0,,,,,,1.0,,,,,
Seregno,,,,,,,,0.0,,,,,,,,,,,,,,0.0,,,,,,,,,
Seriate,,,,,1.0,,,,,,,,,,,,,,,,,,,,,,,,,,
Serravalle,,,,,,,,,,,,,,,,,,,,,,,,,0.0,,,,,,
Serravalle Scrivia,,,,,,1.0,,,0.0,0.0,0.0,,,1.0,,,,,,,0.0,0.0,0.0,,,,0.0,0.0,,,
Sesto Calende,,,0.0,,,0.0,,,0.0,,,,,0.0,,,,0.0,,,,,,,,,,0.0,,,
Sesto Fiorentino,,,,,,,,,,,0.0,,,,,,,,,,,,,,,,,,,,
Sesto San Giovanni,,0.0,,,,,,0.0,0.0,,,,,,0.0,0.0,,0.0,0.0,0.0,,0.0,0.0,0.0,0.0,0.0,0.0,0.0,0.0,0.0,0.0
Sesto Ulteriano,,,,,,,,,,,,,,,,,,,,,,,,0.0,0.0,0.0,0.0,,,0.0,0.0
Sestri Levante,,1.0,,,,,,,,,,0.0,0.0,,,,,,,,0.0,,,,0.0,,,0.0,,,
Settimo Milanese,,,,,,,,,,,0.0,,,0.0,0.0,,,,0.0,0.0,,0.0,,0.0,,,0.0,0.0,0.0,,0.0
Settimo Torinese,,,,,,1.0,,0.0,,,,,,,,0.0,,0.0,,,,,,,,,,,,,
Sevelen,,,,,,,,,,,,,,,,,,,,,,,,,0.0,,,,,,
Seveso,,,,,,,,,,0.0,,0.0,0.0,,,0.0,,,0.0,,,,,,,,,,,,
Siena,,,1.0,,3.0,,,,,,,,1.0,,,0.0,,,0.0,0.0,0.0,3.0,,,0.0,0.0,0.0,0.0,0.0,1.0,0.0
Silea,,,,,,,,,,,,,,,,,,,0.0,,,,,,,,,,,,
Sillian,,,,,,0.0,,,,,,,,,,,,,,,,,,,,,,,,,
Simplon,,,,,,,,0.0,,,,,,,,,,,,,,,,,,,,,0.0,,
Sion,,,,,,,,,,,,0.0,,,,0.0,,,,,,,,,,,,,,,
Siracusa,0.0,,,,,,,,,,,,,,,,,,,,,,,,,,,,,,
Sirmione,,,,,,,,,,,,,,,,,,,,,,,,,,,,,0.0,0.0,
Sommacampagna,,,,,,,,,,,,,,,,,,,,,,,,,,,0.0,,,,
Sondrio,0.0,0.0,,,1.0,,0.0,0.0,,0.0,,,0.0,,0.0,,,,,0.0,,0.0,,,,,1.0,,0.0,,
Soraga,,,,,,0.0,,,,,,,,,,,,,,,,,,,,,,,,,
Spoleto,0.0,,,,,,,,,,,,,,,,,,,0.0,,,,,,,,,,,
Spotorno,,,,,1.0,,,0.0,,,,,,0.0,,,,,,,,,,0.0,,,,,,,
Stabio,,0.0,,,,,,,0.0,,,,,,0.0,,,,,,,,0.0,,,,,,,,
Stazione,,,,,,,,,,,,,,,,0.0,,0.0,,,,0.0,,,,,,,,,
Stoccarda,,,,,,,,,,,,0.0,,,0.0,0.0,,,,,,,0.0,,,,,0.0,,0.0,
Stoccolma,,,,,,,,,,,,,,,,0.0,,,,,,,,,,,,,,,
Storo,,,,,,,,,,,,,,,,,,,,,,,,,,,,0.0,,,
Strasburgo,,,,,,,,,0.0,,,,,,,1.0,,,,,,,0.0,,,,,0.0,1.0,0.0,
Stresa,,,,,,0.0,,,0.0,,,,,,0.0,,,,,,,,,,,,,,,,
Suello,,,,,,,,,,,,,,,0.0,,,,,,,,,,,,,,,,
Sulmona,,,,0.0,,,,,,,,,,,,,,,,,,,,,,,,,,,
Susa,,,,,,,,,,,,,,,,,,,,0.0,,,,,,,,,,,
Svitto,,,,,,,,0.0,,,,,,,,,,,,,,,,,,,,,,,
Tai Di Cadore,,,,,,,,,,,,,,,,,,,,,,,,,,,,,,,0.0
Taranto,,,,0.0,,,,,,,,,,,,,,,,,,,0.0,,,0.0,,0.0,,,
Tavernelle,,,,,,,,,,,,,,,,,,,,0.0,,,,,,,,,,,
Teramo,,,,,0.0,,,,,,,,,,,,,,,,,,,,,,,0.0,0.0,,
Termoli,,,,,,,,,,,,,,,,,,,,,,,,,,1.0,,,,,
Terni,,,,,,,,,,,,,0.0,,,,,,,,,,,,,,,,,,
Thiene,,,,,,,,,,,,0.0,,0.0,,,,,,,,,,0.0,,,,,,,
Thonon-Les-Bains,,,,,,,,,,,,,,,,,,,,,,,,,,,,,,0.0,
Tirano,,,,,,0.0,,,,,,,,,,,,,0.0,,,,,,,,,0.0,,,
Tolone,,0.0,,,,,,,,,,,,,,,,,,,,,,,,,,,,,
Torino,9.0,5.0,2.0,1.0,8.0,4.0,2.0,5.0,2.0,2.0,0.0,0.0,7.0,4.0,4.0,1.0,0.0,0.0,0.0,9.0,6.0,13.0,1.0,2.0,3.0,0.0,16.0,4.0,9.0,2.0,2.0
Torri di Quartesolo,,,,,,,,,,,,,,,,,,,0.0,,,,,,,,,1.0,,,
Tortona,,,,,,,0.0,0.0,,,,,,,0.0,0.0,,0.0,,,,,,,0.0,,,,0.0,,
Tradate,,,,,,,,,,,,,,,,,,,,0.0,,,,,,,,,,,
Travagliato,,,,,,,,,,,,,,,,,,,,,,,0.0,,,,,,,,
Travo,,,,,,,,,,,,,0.0,,,,,,,,,,,,,,,,,,
Trento,1.0,3.0,,2.0,5.0,,,4.0,0.0,2.0,1.0,4.0,7.0,,6.0,2.0,,1.0,2.0,12.0,2.0,6.0,3.0,,3.0,4.0,12.0,2.0,6.0,3.0,0.0
Treviso,1.0,1.0,,0.0,4.0,,,,0.0,,,0.0,5.0,0.0,5.0,,0.0,0.0,0.0,6.0,2.0,2.0,,0.0,,,3.0,,0.0,2.0,0.0
Trezzo Sull'adda,,0.0,0.0,0.0,0.0,0.0,0.0,0.0,0.0,0.0,,0.0,0.0,0.0,0.0,,,0.0,,,,0.0,0.0,,,,0.0,0.0,0.0,,
Tribiano,,,,,,,,,,,,,0.0,,,,,,,,0.0,,,,,0.0,,,,,
Tricesimo,,,,,,,,,,,,,0.0,,,0.0,,,,,,,,,,0.0,,,,,
Trieste,,3.0,3.0,,3.0,0.0,,2.0,2.0,,,2.0,1.0,,,2.0,1.0,,0.0,2.0,0.0,4.0,1.0,,,0.0,2.0,,,1.0,1.0
Trivolzio,,,,,,,,,,,,,,,,,,0.0,,0.0,,,,0.0,0.0,,,,,0.0,
Tromello,,,,,,,,,0.0,0.0,,,0.0,,,,0.0,0.0,,,,,,0.0,0.0,0.0,,,,,0.0
Udine,2.0,,,1.0,1.0,1.0,,5.0,0.0,,,,3.0,,,0.0,0.0,1.0,,3.0,1.0,,,,,1.0,5.0,,3.0,1.0,0.0
Ulma,0.0,,,,,,,,,,,,,,,,,,,,,0.0,,,,,,,,0.0,
Uscita Firenze Impruneta,,,,,,,,,,,,,,,4.0,,,,,,,,,,,,,,,,
Vado Ligure,,,,,,,,,,,,,,,,,,,,,,,,,,,6.0,,,,
Valdagno,,,0.0,,,,,1.0,,,,,,,,,,,,,,,0.0,,,,,,,,
Valdengo,,,,,,,,,,,,,0.0,,,,,,,,,,,,,,,,,,
Varazze,,,,0.0,,,,,,,0.0,,,,0.0,,,,,,,,,,,1.0,,1.0,0.0,,
Varedo,0.0,,,,,,,0.0,,,,,,,0.0,,,,,,,0.0,,,,,,,0.0,,
Varese,0.0,0.0,0.0,0.0,0.0,0.0,0.0,0.0,0.0,0.0,0.0,0.0,0.0,0.0,0.0,1.0,0.0,0.0,0.0,0.0,0.0,0.0,0.0,0.0,0.0,0.0,0.0,,0.0,0.0,0.0
Varzo,,,,,,,,0.0,,,,,,,,,,,,,,,,,,,,,,,
Vedelago,,,,,,,,,,,,0.0,,,,,,,,,,,,,,,,,,,
Venezia,0.0,2.0,1.0,,1.0,1.0,1.0,0.0,,,0.0,,0.0,1.0,,0.0,0.0,0.0,1.0,1.0,0.0,0.0,0.0,0.0,,0.0,0.0,0.0,2.0,2.0,0.0
Ventimiglia,3.0,0.0,1.0,,,,,,,,,,,0.0,,,,,,3.0,,,,,,,,,,1.0,
Verano,,,,,,,,,0.0,,,,,,,,,0.0,,,,,,,,,,,,,
Verbania,,,,0.0,0.0,,,,0.0,,0.0,,,,,,,,,1.0,0.0,0.0,,,0.0,,,,,,
Vercelli,,0.0,,,0.0,,,0.0,,,,,,,,0.0,,,,,,,0.0,,,,,,,,
Vergiate,,,,,,,,0.0,,,,,,,,0.0,,,,,,,,,,,,,0.0,,
Vermezzo,,,,,,,,,0.0,0.0,0.0,0.0,0.0,,,,0.0,,0.0,0.0,,,0.0,0.0,,,,,,0.0,
Vernate,,,,,,,,,,,,,,,,,,0.0,,,,,,,,,,,,,
Verona,4.0,6.0,7.0,4.0,4.0,1.0,3.0,2.0,0.0,2.0,1.0,1.0,4.0,3.0,3.0,0.0,0.0,1.0,0.0,8.0,4.0,4.0,0.0,1.0,1.0,2.0,4.0,3.0,2.0,2.0,1.0
Verrayes,,,,,,0.0,,,,,,,,,,,,,,,,,,,,,,,,,
Verrone,,,0.0,,,,,,,,,,,,,,,,,,,0.0,,,,,,,,,
Verrès,,0.0,,,,,,,,,,,,,,,,,,,,,,,,,,0.0,,,
Vevey,,,,,,,,,,,,,,,,,,,,,,,,,0.0,,,,,,
Vezia,,,,,,,,,0.0,,,,,,,,,,,,,,,,,,,,,,
Viareggio,,1.0,,,,,,1.0,,,0.0,,,0.0,,,1.0,,,2.0,,3.0,,0.0,0.0,,3.0,0.0,0.0,,
Vicenza,2.0,1.0,2.0,,1.0,2.0,2.0,1.0,0.0,0.0,0.0,1.0,3.0,1.0,6.0,1.0,0.0,0.0,0.0,6.0,,4.0,1.0,0.0,,0.0,6.0,1.0,2.0,,
Vicoforte,,,,,,0.0,,,,,,,,,,,,,,,,,,,,,,,,,
Vicolungo,,,,,,,,,,,,,,,,,,,,,,,,,,,,0.0,,,
Vidracco,,,,,,,,,,,0.0,,,,,,,,,,,,,,,,,,,,
Vienna,,,,,,0.0,,,,,,0.0,,,,,,,,,0.0,,,,,,,,,,
Vigevano,,,,,,0.0,,,,,,,0.0,,,,,,,0.0,,,,,,,0.0,,,,
Vigo Di Fassa,,,,,,,,,,,,,,,,,,,,0.0,,,,,,,,,,,
Villa Carcina,,,,,,,,,,,,,,,,,,,,0.0,,,,,,,,,,,
Villa guardia,,,,,,,,,0.0,,,,,,,,,,,,,,,,,,,,,,
Villaco,,,,,,,1.0,,,,,,0.0,,,,,,,,,,,,,,,,,,
Villafranca In Lunigiana,,,,,0.0,,,,,,,,,,,,,,,,,,,,,,,,,,
Villanova D'albenga,,,,,,,,,,,,,,,0.0,,,,,,,,,,,,,,,,
Villanova D'asti,,,,,0.0,,,,,,,,,,,,,,,,,,,,,,,,,,
Vimercate,,,,,,,0.0,,,,,,,,,,,,,,,,,,,,,,,,
Vipiteno,,,,,,,,,,,,,,,,,,,,,,,,,,,,,,,0.0
Viterbo,0.0,,,,,,,0.0,,,,,,,,,,,,,,,,,,0.0,,,,,
Vitoria-Gasteiz,0.0,,,,,,,0.0,,,,,,,0.0,,,,,,,,,,,,,,,,
Vittorio Veneto,,,,,,,,,,,,,,,,,,,,,,,,,,,0.0,,0.0,,
Vittuone,,,,,,,,,,0.0,0.0,0.0,0.0,,,0.0,0.0,0.0,0.0,0.0,,,,,,,,,,,
Voghera,,,,,,,,0.0,,,,,,,,,,,,,,,,,,,,,,,
Volpago Del Montello,,,,,,,,,,,,,,,,,,,,,,,,,,,0.0,,,,
Volvera,,,,,,,,,0.0,,,,,,,,,,,,,,,,,,,,,,
Vétroz,,,,,,,,,,,,,,,,,,,,,,,0.0,,,,,,,,
Wiesbaden,,,,,,,,,,,,,,,,,,,,,,,,,,,0.0,,,,
Woluwe-Saint-Lambert,,,,,,,,0.0,,,,,,,,,,,,,,,,,,,,,,,
Würzburg,0.0,,,,,,,,,0.0,,,,,,,,,,,,,,,,,,,,,
Zagabria,,,,,,,,,,0.0,0.0,0.0,0.0,0.0,1.0,,,,,0.0,,,,,,,,,,,
Zola Predosa,,,,,,,,,,,,,0.0,,,,,,,,,,,,,,,,,,
Zona Industriale Bellocchi,,,,,,,,,,,,,,,,,,,,,,,0.0,,,,,,,,
Zoppola,,,,,,,,0.0,,,,,,,,,,,,,,,,,,,,,,,
Zurigo,,1.0,4.0,1.0,0.0,0.0,,1.0,0.0,,,,1.0,,4.0,0.0,,,0.0,0.0,,1.0,0.0,,,0.0,1.0,0.0,,1.0,
Černivci,,,,,,,,,,,,,,,,,,,,,,,,,,,0.0,,,,
