,0,0,0,0,0,0,0,0,0,0,0,0,0,0,0,0,0,0,0,0,0,0,0,0,0,0,0,0
,2017-02-01,2017-02-02,2017-02-03,2017-02-04,2017-02-05,2017-02-06,2017-02-07,2017-02-08,2017-02-09,2017-02-10,2017-02-11,2017-02-12,2017-02-13,2017-02-14,2017-02-15,2017-02-16,2017-02-17,2017-02-18,2017-02-19,2017-02-20,2017-02-21,2017-02-22,2017-02-23,2017-02-24,2017-02-25,2017-02-26,2017-02-27,2017-02-28
Abbiategrasso,0.0,,,,,,,,,,,,,,,,,,,,,,,,,,,
Acqui Terme,,,0.0,,,,,,,,,0.0,,,,,,,,,,,,,,,,
"Aereoporto ""v.catullo""",,,,,,0.0,,,,,,,0.0,,,,,,,0.0,,,,,,,,
Affi,,0.0,,,,,,,,,,,,0.0,,,,,,,,,,,,,0.0,
Agordo,,,,,,,,,,,,0.0,,,,,,,,,,,,,,,,
Aix-En-Provence,,,,,,,,,,,,0.0,,,,,0.0,,,0.0,,,,,,,,
Aix-en-Provence,,,,,,,,,,,,,,,,,,,,,,,,,0.0,,,
Al Ponte,,,,,,,,,,,,,,,,,,,,0.0,,,,,,,,
Alassio,,,,,,,,0.0,,2.0,,,,,,0.0,,,0.0,,,,,3.0,,,,
Alba,,,1.0,,1.0,1.0,,,0.0,2.0,0.0,2.0,0.0,,0.0,0.0,5.0,0.0,1.0,0.0,,,,2.0,1.0,,0.0,
Alba Adriatica,,,,0.0,,,,,,,,,,,,,,,,,,,,,,,0.0,
Albacina-Borgo Tufico,,,,,,,,,,,,,,0.0,,,,,,,,,,,,,,
Albenga,,,3.0,,1.0,,,,,2.0,,0.0,,,,,,,,,0.0,,,,,,0.0,
Albino,,,,,,,,,,,,,,,,,,,,,,0.0,,,,,,
Albisola Superiore,,,,,,,,,,,,1.0,,,0.0,,5.0,,,,,,0.0,,,,0.0,
Albissola Marina,,,,,,,,,2.0,,,,,,,,,,,,,,,,,,,1.0
Alessandria,,,0.0,,0.0,,0.0,0.0,,1.0,,0.0,0.0,,0.0,1.0,2.0,0.0,0.0,,0.0,0.0,0.0,1.0,0.0,0.0,0.0,0.0
Alpignano,,,,,,,,,,,,,,,,,,0.0,,,,,,,,,,
Altopascio,,,,,,,,,,,,,,,,,2.0,,,,,,,,,,,
Amburgo,,,,,,,,,,,,,,,,,,,,,,,,,,0.0,,
Ameglia,,,,,,,,,,,,,,,,,2.0,,,,,,,,,,,
Amsterdam,,0.0,,,,,,,,,,,,,,,,,,,,,,,,,,
Ancona,0.0,,10.0,1.0,2.0,0.0,1.0,,2.0,9.0,0.0,,,,,,8.0,2.0,5.0,,,1.0,,8.0,3.0,,3.0,
Andora,,,,,,,,,,0.0,,,,,,,,,,,,,,,,,,
Andria,,,,,,,,0.0,,,,,,,,,,,,,,,,,,,,
Angolo Terme,,,,,,,,,,,,,,,,,,,0.0,,,,,,,,,
Annecy,,,,,1.0,,,,,,,,,,,,,,,1.0,,,,,,,,
Annemasse,,,0.0,0.0,,,,,,,,,,,,,2.0,,1.0,,,,,,,,0.0,
Antey-Saint-Andrè,,,,,,,,,,,,,,,,,,,,,0.0,,,,,,,
Antey-Saint-André,,,,,,,,,,,,,,,,,,,,,,,,0.0,,,,
Aosta,,0.0,2.0,1.0,1.0,0.0,,,0.0,3.0,0.0,0.0,0.0,0.0,,0.0,8.0,1.0,3.0,0.0,,0.0,0.0,3.0,2.0,1.0,,0.0
Appiano Gentile,,0.0,,,,,,,,,,,,,,,,,,,,,,,,,,
Arcola,,,,,,,,,,0.0,,,,,,,,,,,,,,,,,,
Arcore,0.0,,,,,,,,,,,,,,,,,,,,,,,,,,,
Ardenno,,,,,,,,,,,,,,,,,,,,,,,,,,0.0,,
Arenzano,,0.0,1.0,,,,,0.0,,1.0,,0.0,,,,,,,0.0,,,,,,,,,
Arese,0.0,,,,,,,,,,,,,,,,,,,,,,,,,,,
Arezzo,,,,0.0,,,,0.0,,2.0,,,,,,,0.0,,,,,,,,,,,0.0
Argegno,,,,,,,,,,,,,,,0.0,,,,,,,,,,,,,
Arma Di Taggia,,,,,,,,,,,,,,,,,0.0,,,,,,,,,,,
Arona,,,,,0.0,,,,,1.0,,0.0,,0.0,,,,,,,,,,,,,,
Artigianale-Commerciale,,,,,,,,,,,,,,,,,,,,,,,,0.0,,,,
Arzignano,,,,,0.0,,,,,,,,,,,,,,,,,,,,,,,
Ascoli Piceno,,,,,,0.0,,,,,,,,,,,,,,0.0,,,,,,,,
Asolo,,,,,,,,,,0.0,,,,,,,,,,,,,,,,,,
Aspio Terme,,,,,,,,0.0,,,,,,0.0,,,,,,,0.0,,,,,,,
Assisi,,0.0,,,,,,,0.0,,,,,,,,,,,,,,,,,,,
Asti,,,1.0,0.0,1.0,1.0,0.0,0.0,0.0,0.0,0.0,1.0,0.0,0.0,0.0,,2.0,,1.0,0.0,0.0,0.0,1.0,2.0,,1.0,1.0,0.0
Augusta,,,,,,,,,,,,,,,,,,0.0,,,,,,,,,,
Aulla,,,,,,,,,,0.0,,,,,,,,,,,,0.0,,,,,,
Autostrada,,,,,,,,,,,,,,,,,,,,,,,,,,,0.0,
Aversa,,,0.0,,,,,,,,,,,,,,,,,,,,,,,,,
Avignone,0.0,,,,,,,,,,,,,,,,,,,,,,,,,,,
Azzano San Paolo,0.0,0.0,1.0,,,2.0,0.0,,0.0,0.0,,,0.0,,0.0,,1.0,,,0.0,,0.0,1.0,2.0,,,,
BS,,,,,,,,,,,,,,,,0.0,,,,,,,,,,,,
Baar,,,,,,0.0,,,,,,0.0,,,,,,,0.0,,,,,,,,,0.0
Bacău,,,,,,,,,,,,,,,0.0,,,,,,,,,,,,,
Bad Ragaz,,,,,,,,,,,,,,,0.0,,,,,,,,,,,,,
Bagnacavallo,,,,,,,,,,,,,,,,,,,0.0,,,,,,,,,
Bagni Di Lucca,0.0,,,,,,,,,,,,,,,,,,,,,,,,,,,
Bagno a Ripoli,,,,,,,,,,,,,,,,,,,,,,,,1.0,,,,
Balocco,,,,,,,,,,,0.0,,,,,,,,,,,,,,,,,
Barcellona,,0.0,,,,,,,,0.0,,,,,,,,,,,,,0.0,,,,,
Bardonecchia,,,,,,,,,,,,,,,,,,,,,,,,,0.0,,,
Bari,,,,,,,,,,,,,0.0,,,,,,0.0,0.0,,0.0,0.0,,0.0,,0.0,0.0
Barletta,,,,,,,,,,,,,,,,,,,,,,,,0.0,,0.0,,
Barzio,,,,,,,,,,,,,,,,,0.0,,,,,,,,,,,
Basilea,,1.0,,,0.0,,2.0,,0.0,,0.0,3.0,1.0,,0.0,,,,4.0,0.0,1.0,1.0,,4.0,,,1.0,
Basilicanova,,,,,,,,,,,,,,,,,,,,,,,0.0,,,,,
Bassano Del Grappa,,,4.0,0.0,1.0,,,,,6.0,,,,,,,4.0,1.0,,0.0,,,,,,,,
Bastia Umbra,,,,,,,,,,,,,,,,,,,,,,,,,,,0.0,
Beaulieu,,,,,,,,,,,,,,,,,,,,,,,,,,,0.0,
Bellinzago Novarese,,,,,,,,,,,,,,,,,,,0.0,,,,,,,,,
Bellinzona,,,,,0.0,0.0,,,0.0,,,1.0,,,,0.0,0.0,,1.0,,,,,,,,,0.0
Belluno,,,,,,,,,,0.0,,,,,,,2.0,,,,,,,,,,0.0,
Benevento,,,,,,,,,,,,,,,,,,,,,,,,,,0.0,,
Bergamo,0.0,0.0,1.0,0.0,1.0,2.0,0.0,1.0,0.0,0.0,0.0,0.0,0.0,0.0,0.0,0.0,1.0,1.0,2.0,0.0,0.0,0.0,1.0,2.0,0.0,1.0,1.0,2.0
Berlino,,,,,,,,,,,,,0.0,0.0,,,0.0,,,,,,,,,,,
Berna,,,,,0.0,,,,,,,,1.0,,,,,,,,,,0.0,,,,,
Besançon,,,,,,0.0,,,,,,,0.0,,,,,,,,,,,,,,,
Besozzo,,,,,,,,,,,,,,0.0,,,,,,,,,,,,,,
Bettola-Zeloforamagno,0.0,0.0,0.0,0.0,,,0.0,0.0,0.0,0.0,,,,0.0,,0.0,0.0,0.0,,,,,,,,,,
Bettolle,,,,,,,,,,,,,,,,,,,,,,,,1.0,,,,
Biandrate,,,,,,,,,,,,,,,,,,,,,,,,,,,,0.0
Biandronno,,,,,,0.0,,,,,,,,,,,,,,,,,,,,,,
Biasca,,,,0.0,,,,,,,,,,,,,,,,,,,,,,,,
Biella,0.0,,1.0,,0.0,0.0,0.0,0.0,,0.0,1.0,,0.0,0.0,0.0,,1.0,1.0,0.0,0.0,,0.0,,2.0,0.0,1.0,0.0,0.0
Binasco,,,,,,0.0,,,,,,,,,,,,,,,,,,,,,,
Bisceglie,,,,,,,,,,0.0,,,,,,,,,,,,,,,,,,
Bocca Di Magra,,,,,,,,,,,0.0,,,,,,,,,,,,,,,,,
Bogliasco,,,,,,,,,,2.0,,,,,,,,,,,,,,,,,,
Bolgare,,,,,,,,,,,0.0,,,,,,,,,,,,,,0.0,,,
Bologna,4.0,3.0,11.0,6.0,13.0,3.0,3.0,2.0,1.0,9.0,10.0,7.0,4.0,3.0,2.0,7.0,16.0,12.0,13.0,6.0,4.0,2.0,5.0,22.0,14.0,24.0,8.0,3.0
Bolzano,,,2.0,0.0,5.0,2.0,0.0,,2.0,1.0,,,,,,1.0,3.0,,7.0,1.0,1.0,0.0,,4.0,,,,1.0
Bolzano Vicentino,,,,,,,,,,,0.0,,,,,,,,,,,,,,,,,
Bonn,,,,,,,,,,,,,,,,,,,,,,,,0.0,,,,
Bordighera,,,2.0,,,2.0,,,,,,,,,,,,,1.0,,,,,1.0,0.0,,,
Borghetto Lodigiano,,,,,,,,,,,,,,,,,,,0.0,,,,,,,,,
Borgio,,,,,,,,,,,,,,,,,,,,,,,,,0.0,,,
Borgo Piave,,,,,0.0,,,,,,,,,,,,,,,,,,,,,,,
Borgo San Giacomo,,,,,,,,,,,,,,,,,0.0,,,,,,,,,,,
Borgomanero,,,,,,,,,,,,,,,,,,0.0,,,,,,0.0,,,,0.0
Bormio,,,,,,,,,,,,,,,,0.0,0.0,,,,0.0,,,0.0,,,,
Borșa,,,,,,,,,,,0.0,,,,,,,0.0,,,,,,,0.0,,,
Bosco Marengo,0.0,,,,,,,,0.0,,,,,0.0,,,,,,,,,,,,,,
Bottai,,,0.0,,,,,,,,,,,,,,,,,,,,,,,,,
Bourges,,,,,,,,,0.0,,,,,,,,,,,,,,,,,,,
Bra,,,,,,,,,,1.0,,,,,,,2.0,,,,,0.0,0.0,,,,,
Breda Di Piave,,,,,,,,,,,,,,,,,,,,,,,,0.0,,,,
Breganze,,,,,,,,,,,,,,,0.0,,,,,,,,,,,,,
Breil/brigels,,,,,,,,,,,,,,,,,,,,,,,,0.0,,,,
Brembate Di Sopra,,,,,,,,,,,,,,,,,,,,,,,,0.0,,,,
Breno,,,,,,,,,,,,,0.0,,,,0.0,,,,,0.0,,,,,,
Brescia,1.0,1.0,5.0,0.0,4.0,1.0,1.0,1.0,0.0,0.0,3.0,2.0,1.0,1.0,1.0,0.0,3.0,2.0,1.0,0.0,2.0,0.0,2.0,8.0,3.0,3.0,1.0,1.0
Bressanone,,,,,,,,,,,,0.0,,,,,,,,,,,,,,,,
Breuil-Cervinia,,0.0,,,,,,,,0.0,,0.0,,,,,,0.0,,,,,,0.0,,,,
Briga,,,,,0.0,,,,,,,,,,,,,,,,,,,,,,,
Brignoles,,,,,,,,,,,,,,,,,,,,,,,,,0.0,,,
Brindisi,,,,,,,,,,,0.0,0.0,,,,,0.0,,,,,,,,,,0.0,
Bruxelles,,0.0,,,,,,,,0.0,,,,,,,,,,,,0.0,,,,,,
Bucine,0.0,,,,,,,,,,,,,,,,,,,,,,,,,,,
Budapest,,,,,,,,,,,0.0,,,,,,,,,,,,0.0,,,,,
Buia,,,,,,,,,,,,,,,,,,,0.0,,,,,,,,,
Busto Arsizio,,0.0,,,,,,,,,,,,,,,0.0,,,,,0.0,,,,,,
Bühl,,,,,,,,,,,,,,,,,,,,,,,0.0,,,,,
Caianello Vecchio,,,,,,,,,,,,0.0,,,,,0.0,,,,,,,,,,,
Cairo Montenotte,,,,,,,,,,,0.0,,,,,,,,,,,,,,0.0,,,
Calenzano,,,1.0,,,,,,,,,,,,,,1.0,,,,,,,,,,,
Calolziocorte,0.0,,0.0,,,0.0,0.0,0.0,,0.0,,,0.0,0.0,0.0,,0.0,,,0.0,0.0,0.0,,0.0,,,0.0,0.0
Calvignasco,0.0,,0.0,0.0,0.0,,0.0,0.0,,0.0,0.0,,,,,,,,,,,,,,,,,
Camogli,,,,,,,,,,0.0,,,,,,1.0,,,,,,,,,,,,
Campobasso,,,,,,,,,,,,,,,0.0,,,,,,,,,,,,,
Campodolcino,,,,0.0,,,,,,0.0,0.0,,,,,,,,,,,,,,,,,
Campolungo-Villa Sant'antonio,,,,,,,,,,,,,,,,,,,,,,0.0,,,,,,
Candela,,,,,,,,,,,,,,,,,,,,,,0.0,,,,,,
Cannes,,,,,,,,,,2.0,,,,,,,,,,,,,,,,,,
Cannobio,,,,,,,,,,,,,,,,,,,0.0,,,0.0,,,,,,
Caorso,,,,,,,,,,0.0,,,,,,,,,,,,,,,,,,
Capua,,,,,,,,,,,,,,,,,,,,,,,,0.0,,,,
Carignano,,,,,,,,,,,,,,,,,,,,,0.0,,,,,,,
Carmagnola,,,,,,,,,,,,,,,,,,,,,,0.0,,,0.0,,,
Carnate,,,,,,,,,,,,0.0,,,,,,,,,,,,,,,,
Carpi,,,,,,,,,,,,,,,,,,,,0.0,,,,,,,,
Carrara,,,5.0,,,,,,,1.0,,0.0,,,,,3.0,0.0,,,0.0,0.0,,4.0,,0.0,,
Carugate,,,,,,,,0.0,,,,,,,,,,,,,,,,,,,,
Casalecchio Di Reno,,,,,,,0.0,,,,,,,,,,,,,0.0,,,,1.0,,,,
Casalmaggiore,,,,,,,0.0,,,,,,,,,,,,,,,,,,,,,
Casalpusterlengo,,,,,,,,,,,,,,,,,,,,,,,,,,,0.0,0.0
Casarsa Della Delizia,,,,,0.0,,,,,,,,,,,,,0.0,,,,,,,,0.0,0.0,
Cascina Braghe-Traversa,,,,,,,,,,,,,,,,,,,,,,,,,,,0.0,
Caselle,,,,,,,,,,,,,,,,,,0.0,,,,,,,,,,
Caserta,,,,,,,,,,,,,,,,,,,,,,0.0,,,0.0,,,
Cassano D'adda,0.0,0.0,0.0,,,0.0,,,0.0,,,,0.0,,0.0,,0.0,,,,,,,0.0,,,,0.0
Cassino,,,,,,,,,0.0,,,,,,,,,,,,,,,,,,,
Castagneto Carducci,,,,,,,,,,0.0,,,,,,,,,,,,,,,,,,
Castel San Giovanni,,,,,,,,0.0,0.0,,,,,,,,,0.0,,,,,,,,,,
Castel San Pietro Terme,,,,,,,,,,,,,,,,,0.0,,,,,,,1.0,,,,
Castelfranco Veneto,0.0,,,,,,,,0.0,1.0,,1.0,,,,,,,,,,0.0,,0.0,,,,
Castell'Arquato,,,,,,,,,,,0.0,,,,,,,,,,,,,,,,,
Castelletto Sopra Ticino,,,,,,,,,,,,,,,,,,0.0,,,,,,0.0,,,,
Castelnovo Ne' Monti,,,,,,,,,,,,,,,,,,,,,,,,0.0,,,,
Castiglion Fiorentino,,0.0,,,,,,,,,,,,,,,,,,,,,,,,,,
Catania,,,,0.0,,,,0.0,,,,,,,,,,,,,,,,,,,,
Cattolica,,0.0,3.0,0.0,,,,,,0.0,,1.0,,,,,1.0,,0.0,,,,,0.0,,0.0,,
Cavalese,,,,,1.0,,,,,,,,,,,,,,,,,,,,,,,
Cecina,,,1.0,,,,,,,,,1.0,,,,,,,,,,,,0.0,,,0.0,
Celle Ligure,,,,,,,,,,,,,,,,,,,,,,,,,1.0,,,
Cento,,,,,,,,,,,,,0.0,,,,,,,,,,,,,,,
Centro Fiera,,,,,,,,,,,,,,,,,0.0,,,,,,,,,,,
Ceparana,,,,,,,,,,,1.0,,,,,,,,,,,,,,,,,
Cernobbio,,,,,0.0,0.0,,,,,,,,,,,,0.0,,,,,,,,,,
Cernusco Sul Naviglio,,,,,,,,0.0,,,,,,,,,,,,,,,,,,,,
Certosa Di Pavia,,,,,,0.0,0.0,0.0,0.0,0.0,,,,,,,,,,,,,,,,,,
Cervarese Santa Croce,,0.0,,,,,,,,,,,,,,,,,,,,,,,,,,
Cervignano Del Friuli,,,,,,,,,,0.0,,,,,,,,,,,,,,0.0,,,,
Cesano Maderno,,,,,,,,,,,,,,,,,,0.0,,,,,,,,,,
Cesena,,,5.0,0.0,4.0,,,1.0,1.0,2.0,,2.0,,1.0,1.0,,3.0,1.0,,2.0,,0.0,2.0,6.0,,0.0,2.0,0.0
Cesenatico,,0.0,0.0,,,,,,,,0.0,,,0.0,,,0.0,,,,,,,0.0,,,,
Cesuna,,,,,,,,,,,,,,,,,0.0,,,,,,,,,,,
Chambéry,,,,1.0,,0.0,,,,,,,,,,,,0.0,,2.0,1.0,,,,,,,
Chamonix-Mont-Blanc,,,0.0,,,,,,,,,0.0,,,,0.0,1.0,,0.0,0.0,,,,,0.0,0.0,,0.0
Champoluc,,,,,,,,,,,,,,,,,,,,,,,,,0.0,,,
Chemnitz,,0.0,,,,,,,,,,,,,,,,,,,,,,,,,,
Chiari,,,,,,,,,,,0.0,,,,,,,,,,,,,,,,,
Chiasso,0.0,0.0,0.0,,0.0,0.0,0.0,,,0.0,,0.0,0.0,,,,,,0.0,0.0,,0.0,,,,,0.0,
Chiavari,,,,2.0,,,,,,1.0,0.0,,0.0,,,,5.0,0.0,1.0,,0.0,0.0,,5.0,2.0,,,
Chiavenna,,0.0,,,,,,,,0.0,,,,,,,,0.0,,,,,,0.0,,0.0,0.0,
Chieri,,,,,,,,,,,,,,,,,,,,0.0,,,,,,,,
Chiesina Uzzanese,,,,,,0.0,,,,,,,,,,,,,,,,,,,,,,
Chieti,0.0,,,,,,,,,,,,,,,,,,,,,0.0,,,,,,
Chiugiana-La Commenda,,,,,,,,,,0.0,,,,,,,,,,,,,,,,,,
Chiusi,,,0.0,,,,,,,,,,,,,,,,,,,,,,,,,
Chivasso,0.0,,,,,,,,,,0.0,,0.0,,,,,,,,0.0,,,0.0,,0.0,,
Ciriè,,,,,,,,,,,,,,,,0.0,,,,,,,,,,,,
Città Di Castello,,,,,,,,,,,,,,,,,,,,,,,,,,,0.0,
Città Sant'angelo,,,,,,,,,,,,,,,,,0.0,,,,,,,,,,,
Civitanova Marche,0.0,1.0,5.0,,,,0.0,,0.0,,,,0.0,,,2.0,3.0,,,,,,1.0,,,,,
Civitavecchia,0.0,,,,,,,,,,,,,0.0,,,,,,,,,,,,,,
Clusone,,,,,,,,,,,,,,,,,,,,,,,,,0.0,,,
Codroipo,,,0.0,,,0.0,,,,,,,,,,,,,,,,,,,,,,
Cogne,,,,0.0,,,,,,,,,,,,,,,,,,,,,,,,
Cogoleto,,,,,,,,,,,,,,,,,0.0,,,0.0,,,0.0,,0.0,,,
Coira,,,,,,,,,,,,,,,,,,,0.0,,0.0,,,,,,,
Colico Piano,,,,0.0,0.0,,,,,,,,,,,0.0,,0.0,,,,0.0,,,0.0,,,
Colle Sestriere,,,,0.0,,,,,,,,,,,,,,,,,,,,,,,,
Collegno,,,,0.0,0.0,,,,,,0.0,0.0,,,0.0,,1.0,,,,,,,1.0,,,0.0,
Collestrada,,,3.0,,,,,,,,,,,,,,,,,,,,,,,,,
Colzate,,,,,,,,,,,,,,,,,0.0,,,,,,,,,,,
Comerio,,,,,,,,,,,,,,,0.0,,,,,,,,,,,,,
Como,0.0,,0.0,1.0,0.0,0.0,0.0,,0.0,1.0,0.0,0.0,,0.0,,,0.0,0.0,0.0,0.0,0.0,0.0,1.0,0.0,1.0,0.0,0.0,
Concesio,,,,,,,,,,,,,,,,,,,,,,,,0.0,,,,
Concordia Sagittaria,,,,,,,,,,,0.0,,,,,,,,,,,,,,,,,
Conegliano,,,,,,,,,,3.0,,,,,,,2.0,,,,0.0,,0.0,,,,,
Corato,,,,,,,,,,,,,,,,,,,,,,,,,,,0.0,
Corbetta,0.0,0.0,0.0,,,0.0,0.0,0.0,0.0,0.0,,,0.0,0.0,0.0,0.0,0.0,,,0.0,0.0,0.0,0.0,0.0,,,0.0,0.0
Cortemilia,,,,,,,,,,,,,,,,,,0.0,,,,,,,,,,
Cortenova,,,,,,,,,,,,,,,0.0,,,,,,,,,,,,,
Cortina D'ampezzo,,,,,,,,,,0.0,,,,,,,,,,,,,,,,,,
Corvara In Badia,,,,,,,,,,0.0,0.0,,,,,,,,,,,,,,,,,
Cosenza,,,,,,,,,,,,,,,0.0,,,,,,,,,,,,,
Cossato,,,,,0.0,,,,,0.0,,,,,,,,,,,,,,0.0,,,,
Costa Di Mezzate,0.0,,,,,,,,,,,,,,,,,,,,,,,,,,,
Costa Di Serina,,,,,,,,,,,,,0.0,0.0,,,,,,,,,,,,,,
Costa Masnaga,0.0,0.0,0.0,,,0.0,0.0,0.0,0.0,0.0,,,0.0,,,,,,,,,,,,,,,
Costa di Serina,,,,,,,,,,,,,,,,,,0.0,,,,,,,,,,
Cottbus,,,,,,,,,,,,,,,,,,0.0,,,,,,,,,,
Courmayeur,1.0,0.0,3.0,,,,,,,2.0,,,0.0,,0.0,,4.0,1.0,,,,0.0,0.0,3.0,,,,0.0
Crailsheim,,,,,,,,,,,,,,,,,,,,,,,,0.0,,,,
Crema,,0.0,,,,,,,,,,,,,,,,,,0.0,,,,,,,,
Cremona,,,0.0,0.0,,,0.0,,,0.0,,0.0,0.0,0.0,0.0,,0.0,,,0.0,0.0,,0.0,0.0,0.0,,,0.0
Crevalcore,,,,,0.0,,,,,,,,,,,,,,,,,,,,,,,
Crevoladossola,,,,,,,0.0,,,,,,,,,,,,,,,,,,,,,
Cuneo,,,0.0,,1.0,,,,,,,,,,,,,,0.0,,,,,,,,0.0,
Cusago,,,,,,,,,,,,,,,,0.0,,,,0.0,,,,,,,,
Cusano Milanino,,,,,,,,,,0.0,,,,,,,,,,,,,,,,,,
Dalmine,,,,,,,0.0,0.0,0.0,,,,0.0,,,,,,,,,,,,0.0,,,0.0
Darfo,,,,,,,,0.0,,,,0.0,,,,,,,,,0.0,,,,,,,
Dermulo,,,,,,0.0,,,,,,,,,,,,,,,,,,,,,,
Desenzano Del Garda,,,,,,,,,,,,,,,,,,,,,,,,,,,0.0,
Desenzano del Garda,,,,,,,,,,,,,,,,,,,,0.0,,,,,,,,
Diano Marina,,,6.0,,,,,,,,,,,,,0.0,,0.0,,,,,,,,,,
Dobbiaco,,,0.0,,,,,,,,,,,,,,,,,,,,,,,,,
Dolo,,,,,,,,,,,,,,,,,1.0,,,,,,,,,,,
Dolzago,,0.0,,,,,,,,,,,,,,,,,,,,,,,,,,
Domodossola,0.0,,,,,,,,,,0.0,,,,,,0.0,0.0,0.0,,0.0,,,,,0.0,,
Dronero,,,,,,,,,,,,,,,,,,,,,,,,,0.0,,,
Drăgășani,,,,,,,0.0,,,,,,,0.0,,,,,,,0.0,,,,,,,0.0
Dueville,,,,,,,,,,,,,,,,,,,,,,,,1.0,,,,
Düsseldorf,,,,0.0,,,,,,,,,,,,,,,,,,,,,,,,
Eastbourne,,,,,,,,,,,,,,,,,,,,,,,0.0,,,,,
Ecublens,,,,,,,,,,,,,,0.0,,,,,,,,,,,,,,
Empoli,,,,,,,,,0.0,,,,,,,,,,,,,,,,,,,
Entratico,0.0,,,,,,,,,,,,,,,,,,,,,,,,,,,
Erba,,,,,,,,,,,,,0.0,,,,,,,,,,,,,,,
Esine,,,0.0,,,,,,,,,,,,,,,,,,,,,,,,,
Fabriano,,,,,,,,,,,,,,,,,,,,,,,,,,,0.0,
Faenza,,2.0,5.0,,,,,,1.0,1.0,,,,,0.0,0.0,1.0,,,,,,,,0.0,,,
Fano,,,3.0,,1.0,,,,0.0,,0.0,,0.0,0.0,,,3.0,,,0.0,,,,,,,,
Farigliano,,,,,,,,,,,,,,,,,,,0.0,,,,,,,,,
Feldkirch,,,,,0.0,,,,,,,,,,,,,,,,,,,,,,,
Fenestrelle,,,,,,,,,,,,,,,,,,,,,,,,,0.0,,,
Ferno,0.0,0.0,0.0,,0.0,0.0,0.0,0.0,0.0,0.0,,0.0,0.0,0.0,0.0,,0.0,0.0,0.0,0.0,0.0,0.0,0.0,,0.0,0.0,0.0,0.0
Ferrara,0.0,,,,0.0,,0.0,,,1.0,,0.0,,,0.0,0.0,0.0,,,,0.0,,,0.0,1.0,1.0,,
Ferrovia,,,2.0,,,0.0,,,,,,,,,,,,,,,,,1.0,,,,,
Fidenza,,0.0,,0.0,0.0,0.0,,,,0.0,0.0,,,,,0.0,0.0,,,,0.0,0.0,,,,,,
Figline Valdarno,,,,,,,,,,,,,,,,,0.0,,,,,,,0.0,,,,
Finale Ligure,,,,,,0.0,,,,,,,,,0.0,,0.0,,,,,,,1.0,0.0,1.0,,0.0
Firenze,1.0,1.0,10.0,3.0,3.0,,0.0,1.0,1.0,9.0,4.0,4.0,4.0,0.0,2.0,,7.0,3.0,6.0,0.0,3.0,1.0,4.0,15.0,9.0,9.0,2.0,3.0
Fivizzano,,,,,,,,,,,,,0.0,,,,,,,,,,,,,,,
Foggia,,0.0,2.0,,,,,,,,,,,,0.0,,,0.0,,,,,,0.0,,0.0,,
Foligno,,,0.0,,2.0,,,,,0.0,,1.0,,,0.0,,3.0,,,,,,,,,,,
Follonica,,0.0,,,0.0,,,,,,,,,,,0.0,,,,,,,0.0,,,,,
Foppolo,,,,,,,,,,,0.0,,,,,,0.0,,,,,,,,,,,
Forcola,,,,,,,,,,,,,0.0,,,,,,,,,,,,,,,
Forlì,,1.0,0.0,,,,,,,0.0,1.0,0.0,0.0,,,1.0,3.0,,1.0,1.0,,,2.0,0.0,0.0,,,
Forte Dei Marmi,,,0.0,,,,,,,,,1.0,,,,,,,,,,,,,,,,
Fossano,,,0.0,,,,,,0.0,0.0,,,,,,,0.0,,,,,,,0.0,,,,
Fossoli,,,,,,,,,,,,,,,0.0,,,,,,,,,,,,,
Francavilla Al Mare,,,,,,,,,,,,,,,,,0.0,,,,,,,,,,,
Francoforte,0.0,,0.0,0.0,,,,,,0.0,,,,,,,,,,,,,,0.0,,,,
Frascati,,,,,,,,,,,,,,,,,,,,,,,,,0.0,,,
Freienbach,,,,,,,,,,0.0,,,,,,,,,,,,,,,,0.0,,
Friburgo In Brisgovia,,,,,,0.0,,,,,,,,,,,,,,,,,,,,,,
Friburgo in Brisgovia,,,,,,,,,,,,,,,0.0,,,,,,,,,,,,,
Frosinone,,,,,,0.0,,,,,,,,,,,,,,,,,,,,,,
Fucecchio,,,,,,,,,,,,,,,,,,,,,,,0.0,0.0,,,,
Gaggiano,,,,,,,,,,,,,,,,,,,,,,,,,,,0.0,
Gaggio Montano,,,,,,,,,,,,0.0,,,,,,,,,,,,,,,,
Gaillard,,,,,,,,0.0,,,,,,,,,,,,,,,,,,,,
Gallarate,,,0.0,,,,,0.0,,1.0,,,,,0.0,,,,,,,,,,,,,
Gallipoli,,,,,,,,,,,,,,,,,,,,,,,,,0.0,,,
Galzignano Terme,,,,,,,,,,,,,,,,,,0.0,,,,,,,,,,
Gambolò,,,,,,,,0.0,,,,,,,,,,,,,,,,,,,,
Gandino,,,,,,,,,,,,,,,,,,,,,,,,,,0.0,,
Garbagnate Milanese,,,,,,,,,,,,,,,,,,,,,0.0,,,,,,,
Gattinara,,,,,,,,,,,,,,,,,,,,,,,,,,0.0,,
Gavi,,,,,,0.0,,,,,,,,,0.0,,,,,,,0.0,,,,,,
Gavirate,,,,,,,,,,,,,,,,,,,,,,,,,,,,0.0
Gazzada Schianno,,,,,,,,,,,,,0.0,,,,,,,,,,,,,,,
Gemonio,,,,0.0,,,,,,,,,,,,,,,,,,,,,,,,
Genova,2.0,8.0,23.0,7.0,9.0,5.0,3.0,8.0,12.0,23.0,10.0,9.0,6.0,5.0,8.0,9.0,29.0,13.0,7.0,5.0,4.0,6.0,7.0,21.0,11.0,7.0,4.0,6.0
Germignaga,,0.0,,,,,,,,,,,,,,,,,,,,,,,,,,
Ginevra,,0.0,,,6.0,,,,,0.0,,6.0,,0.0,,,,,7.0,,,,,,,4.0,,2.0
Giulianova,,,,,,,,,,,,,,,0.0,,,,,,,,,,,,,
Gmunden,,,,,,,,,,,,0.0,,,,,,,,,,,,,,,,
Godiasco Salice Terme,,,,,,,,,,,,,0.0,,,,,,,,,,,,,,,
Gorizia,,,,0.0,,,,,,,,,,,,,,,0.0,,,,,1.0,,,,
Gozzano,,,,,,0.0,0.0,0.0,,,,,,,,,,,,,,,,,,,,
Grancetta,,,0.0,,,,,,,,,,,,,,,,,,,,,,,,,
Gravedona,,,,,,,,,,,,,,,,,,,,,,,0.0,,,,0.0,
Gravellona Toce,,,,,,,,,,,,0.0,,,,,,0.0,,,,,,,0.0,,0.0,
Grenchen,,,0.0,,,,,,,,,,,,,,,,,,,,0.0,,,,,
Grenoble,,,1.0,,,,,,,,,,1.0,,,0.0,,,0.0,,0.0,0.0,,,,2.0,0.0,
Gressoney-La-Trinitè,,,,,,,,,,,,,,,,,,,,,0.0,,,,,,,
Gressoney-Saint-Jean,,,0.0,,,,,,,0.0,,,,,,,,,,,,,,0.0,,,,
Gromo,,,,,,,,,,,,,,,,,,,,,,,,0.0,,,,
Gropello Cairoli,,0.0,,,,,,0.0,0.0,,,,,,,,,,,,,,,,,,0.0,
Grosseto,,,,,,,0.0,,,,,,,,0.0,,0.0,,,,,0.0,,,,,,
Grottammare,,,,,,,,,,,,,,,,,2.0,,,,,0.0,,,,,1.0,
Grugliasco,,,,,,,,,,,,,,,,,,,,,,,,,,2.0,0.0,
Grumello Del Monte,,,,,,,,,,,,,,,,,,,,,,,,,,,,0.0
Guardamiglio,,,,,,,,0.0,,,,,,,,,,,,0.0,,,,,,,,
Gubbio,,,,,,,,,,,,,,,,,,,,,,0.0,0.0,,,,,
Gussago,,,,,,,,0.0,,,,,,,,,,,,,,,,,,,,
Heidelberg,,,,,,,,,,0.0,,,,,,,,,,,,,,,,0.0,,
Horw,,,,,,,,,,,,,,,,,,,,,,0.0,,,,,,
Höchstädt An Der Donau,,,,,,0.0,,,,,,,,,,,,,,,,,,,,,,
Imola,0.0,,,,,,,,0.0,,1.0,,,,,0.0,,,,,,,,,0.0,,,
Imperia,,,,,,,,,,4.0,,,1.0,,0.0,,8.0,,1.0,,,,2.0,,2.0,,,
Impruneta,,,,,,,,,,,,,,0.0,,,,,,,0.0,,0.0,,,3.0,,
Innsbruck,,,,,,,,,,0.0,,,,,,,,,,,,,,,,,,
Iseo,,,,,,,,0.0,,,,,,,,,,,,,,,0.0,,,,,
Ispra,,,,,,,,,,,,,,,,,,,,,,,,,,0.0,,
Ivrea,0.0,0.0,,,0.0,,,,0.0,1.0,0.0,,0.0,,0.0,,0.0,1.0,2.0,,,,,2.0,3.0,1.0,,
Jesi,,,,,,,1.0,,0.0,,,,,,,,,,,,,,0.0,2.0,,,,
Karlsruhe,,,,,,,,,,,,,,0.0,,,,,,,,0.0,,,,,,
Kösching,,,,,,,,,,,0.0,,,,,,,,,,,,,,,,,
L'aquila,,,,,,,,,,,,,,,,,,,,,,,0.0,,,,,
La Roche-sur-Foron,,,,,,,,,,,,,,,,,,,,,,0.0,,,,,,
La Spezia,,,5.0,1.0,2.0,0.0,0.0,0.0,0.0,5.0,2.0,3.0,1.0,,1.0,0.0,7.0,1.0,,0.0,0.0,0.0,1.0,2.0,1.0,1.0,,0.0
La Thuile,,,,,,,,,,,,,,,,,,,,,,,,,,,,0.0
Lachen,,,,,,,,,,,,,,,,,,,0.0,,,,,,,,,
Laigueglia,,,,,,,,,,,,,,,,,,,,,,,,,1.0,,,
Lainate,,,0.0,,,,,,,,,,,,,,,,,,,,,,,,0.0,
Lana,,,,0.0,,,,,,,,,,,,,,,,,,,,,,,,
Landquart,,,,,,,,,,,,,,,,,,,,,,,,,0.0,,,
Lanzo D'intelvi,,,,,,,,0.0,,,,,,,,,,,,,,,,,,,,
Latina,,,,,,,,,,,,,,,,,,,,,,,,,,,0.0,
Lavagna,,,,2.0,,,,,,1.0,0.0,,,,,,,0.0,,,,,,5.0,,,,
Laveno-Mombello,,0.0,,,0.0,,,,,,,,,,,0.0,,,,,,,,,,,,
Le Grand-Saconnex,,,,,6.0,,,,,,,,,,,,,,,,,,,,,,,
Lecce,,0.0,,0.0,0.0,,,,,,,,,,,,0.0,,,,,,,,0.0,,,0.0
Lecco,0.0,,0.0,0.0,,,,,,,,0.0,0.0,,,1.0,0.0,0.0,0.0,0.0,0.0,,,0.0,0.0,,,
Leffe,,,,,,,,,,,,,,,,0.0,,,,,,,,,,,,
Legnago,,,,,,,,,,0.0,,,,,,,,,,,,,,,,,,
Legnano,0.0,0.0,0.0,,,0.0,0.0,0.0,0.0,0.0,,,0.0,0.0,0.0,0.0,0.0,,,0.0,0.0,0.0,0.0,0.0,,,0.0,0.0
Leini,,,,,,,,,,,,,,,,,,,,,,,,,0.0,,,
Leno,,,,,,,,,,,,,,,,,0.0,,,,,,,,,,,
Les Pennes-Mirabeau,,,,,,,,,,,,,,,0.0,,,,,,,,,,,,,
Levanto,,,,0.0,,,,,,,,,,,,,,,,,,,,,0.0,,,
Levate,,,,,,,,,,,,,,,,,,,,,,0.0,,,,,,
Liegi,,,,,,,,,,,,,,,,,,,,,,,,,,,0.0,
Lignano Sabbiadoro,,,,,,,,,,,,,,,,,,0.0,,,,,,,,,,
Linate,,,,,,,,,,,,,,,,,,,,,,,,0.0,,,,
Lione,,,,,1.0,,,,,,1.0,0.0,0.0,,,0.0,,,5.0,,,,1.0,,1.0,,,
Lisanza,,,0.0,,,,,,,,,,,,,,,,,0.0,,,,,,,,
Liscate,,,,,,,,,,,,,0.0,,,,,,,,,,,,,,,
Livigno,,,,,,,,,,,,,,,,,,,,,,,,0.0,,,,
Livorno,0.0,0.0,8.0,,5.0,2.0,,0.0,,4.0,1.0,5.0,,,,,,0.0,1.0,1.0,,,0.0,,,3.0,,
Loano,,,4.0,,,,,,,,,,,,,,3.0,0.0,,,,,0.0,,,,,0.0
Locarno,,0.0,,,,0.0,,,,0.0,,,,,,,,,,,,,,,,,,
Locate Varesino,,,,,,,,,,,,,,,0.0,,,,,,,,,,,,,
Locri,,,,,,,,,,0.0,,,,,,,,,,,,,,,,,,
Lodi,0.0,0.0,0.0,,,0.0,0.0,0.0,0.0,0.0,,,0.0,0.0,0.0,0.0,0.0,,,0.0,0.0,0.0,0.0,0.0,,,0.0,0.0
Lonato,,,,,,,,,,,,,,,,,,,0.0,,,,,,,,,
Londra,,,,,,,,,,,,,,,,,,,,,,,,,,0.0,,
Lonigo,,,0.0,,,,,,,,,,,,,,,,,,,,,,,,,
Loria,,,,,0.0,,,,,,,,,,,,,,,,,,,,,,,
Losanna,,,,,,,,,,,,,,0.0,,,,,,0.0,,,,,0.0,2.0,,
Lubiana,,,,,,,,,,,,,,,0.0,,0.0,,,,,,,,,,,
Lucca,0.0,1.0,4.0,,,0.0,,,0.0,4.0,0.0,,,,,1.0,4.0,,2.0,,,0.0,,,,2.0,0.0,0.0
Lucerna,,,,,,,,,,,,,,,,,,0.0,,0.0,,,,,,1.0,0.0,0.0
Lugano,0.0,1.0,1.0,1.0,1.0,0.0,0.0,3.0,0.0,0.0,0.0,1.0,1.0,,1.0,1.0,2.0,1.0,4.0,0.0,0.0,0.0,0.0,5.0,1.0,3.0,0.0,
Lugo,,,0.0,,,,,,,,,,,,,,,,,,,,,,,,,
Luino,,,,,,,,0.0,,,,0.0,,,,,,,0.0,,,0.0,,,,,,
Lumarzo,,,,,,,,,,,,,,0.0,,,,,,,,,,,,,,
Macerata,,,,,,,,,,2.0,,,,,,,3.0,,,,,,,,,,,
Madesimo,,,,,,,,,,,,,,,,,,,,,,0.0,,,,,,
Madonna Di Campiglio,,0.0,,,,,,,,,,,,,,,1.0,,,,,,,,0.0,,,
Magenta,,,,0.0,,,,,,,,,,,,,,,,,,,,,,,,
Magnano,,,,,,,,,,,,,,,,,0.0,,,,,,,,,,,
Malnate,,,,,0.0,,,,,,,,,,,,,,,,,,,,,,,
Malè,,,,,,,,,,0.0,,,,,,,,,,,,,,,,,,
Mandello del Lario,,,,,,,,,,,,,,,,,,,0.0,,,,,,,,,
Manfredonia,,,,,,,,,0.0,,,,,,,,,,,,,,,,,,,
Mannheim,,,,,,,,,,,,,,,,,0.0,,,,,,,,,,,
Mantova,0.0,,0.0,0.0,,,0.0,,,,,0.0,,,,,0.0,,,,,,,,,,,
Mapello,,,,,,,,,,,,,,,,0.0,,,,,,,,,,,,
Maranello,,,,,,,,,,,,0.0,0.0,,,,,,,,,,,,,,,
Maresso,,,,,,,,0.0,,,,,,,,,,,,,,,,,,,,
Mariano Comense,,0.0,,0.0,,,0.0,,0.0,,,0.0,,0.0,,0.0,,0.0,,,0.0,,0.0,,,,,0.0
Marina,,,,,,,,,,,,,,,,,,,,,,,,,,,0.0,
Marina Di Carrara,,,,,,,,,,,,,,,,,,,,0.0,,,,,,,,
Marina Di Massa,,,,,,,,,,,,,,,,,,,,,,,,,,,1.0,
Marostica,,,0.0,0.0,,,,,,,,,,,,,,,,,,,,,,,,
Marsiglia,,,,,,0.0,,,,,,,,,,,,,,,,,,,1.0,,,
Martigny-Combe,,,,,,,0.0,,,,,,,,,,,,,,,,,,,,,
Masate,,,,,,,,,,,,,,,,,,,,0.0,0.0,0.0,,,,,,
Massa,,,1.0,0.0,0.0,,,,,2.0,0.0,,,,0.0,0.0,2.0,,,,,,1.0,,,,1.0,
Massa Marittima,,,,,,,0.0,,,,,,,,,,,,,,,,,,,,,
Massarosa,,,0.0,,,,,,,,,,,,,,0.0,,,,,,,0.0,,,,
Mel,,,,,,,,,0.0,,,,,,,,,,,,,,0.0,,,,,
Melide,,,,,0.0,,,,,,,,,,,,,,,,,,,,,,,
Melzo,,,,,,,,,,,,,0.0,,,,,,,,0.0,0.0,,,,,,
Memmingen,,,,,,,,,,,,,,,,,,,,,,,,,,,,0.0
Menaggio,,,,,,,,,,,,,,,,,,,,,,,,,,0.0,,
Mendrisio,,,,,,,,,,,,,,,,,,,,,,,,,0.0,,,
Mentone,,,,,,,,,,,0.0,,,,,,,,,,,,,,,1.0,,
Mestriago,,,,,,,,,,0.0,,,,,,,,,,,,,,,,,,
Meyrin,,,,,1.0,,,,,0.0,,,,,,,,,,,,,,,,,,
Mezzocorona,,,,,0.0,,,,,,,,,,,,,,,,,,,,,,,
Milano,0.0,0.0,0.0,,,0.0,0.0,0.0,0.0,0.0,,,0.0,0.0,0.0,0.0,0.0,0.0,0.0,0.0,0.0,0.0,0.0,0.0,0.0,0.0,0.0,0.0
Mirano,,,,,,,,,,,0.0,,,,,,,,,,,,,,,,,
Modane,,,,,,,,,,0.0,,0.0,,,,,,,,,,,,,,,,
Modena,1.0,,7.0,,2.0,0.0,,0.0,0.0,4.0,0.0,4.0,,,1.0,0.0,5.0,2.0,0.0,3.0,0.0,,2.0,5.0,1.0,5.0,1.0,0.0
Mogliano Veneto,,,,,,1.0,,,0.0,,,,,,,,,,,,,0.0,,,,,,
Molfetta,,,0.0,,,,,,,,,,,,,,,,,,,,,,,,,
Molinella,,,,,,,,,,,,,,,,,,0.0,,,,,,,,,,
Molini di Triora,,,0.0,,,,,,,0.0,,,,,,,,,,,,,,,,,,
Mombello Di Torino,,0.0,,,,,0.0,,,,,,,0.0,,,,,,,,,0.0,,,,,
Monaco Di Baviera,0.0,,,,2.0,0.0,,,,0.0,,0.0,,,0.0,,,,,0.0,,,,0.0,,2.0,2.0,
Monaco-Ville,,,3.0,,,,,0.0,,,0.0,,0.0,,,,,,0.0,,,0.0,,2.0,,,1.0,0.0
Mondovì,,,,,,,,0.0,,,,,,,,,,,,,,,,0.0,0.0,,,
Monfalcone,,0.0,,,,,,,,,,,,,,,,0.0,,,,,,,,,,
Monselice,,,,,,,,,,,,,,,,,,,,,,,,0.0,,,,
Montebello Della Battaglia,,,,,,,,,,,,,,,,,,,,,,,,0.0,,,,
Montebelluna,,,,,,,0.0,,,,,,0.0,0.0,,,,,,0.0,,,,1.0,,,0.0,
Montecchio Maggiore-Alte Ceccato,,,,,,,,,,0.0,,,,,,0.0,,,,,,,,,,,,0.0
Montelupo Fiorentino,,,,,,,,,,,,,,,,,0.0,,,,,,,,,,,
Montorio al Vomano,,0.0,,,,,,,,,,,,,,,,,,,,,,,,,,
Montpellier,,0.0,,,,,,,,1.0,,,0.0,,,,,,,,,,,0.0,,,,0.0
Montreux,,,,,,,,,,0.0,,,,,,,,,,,,,,,0.0,,,
Monza,0.0,0.0,,0.0,0.0,0.0,0.0,0.0,0.0,,0.0,,0.0,,0.0,0.0,,0.0,,0.0,,0.0,0.0,,0.0,,0.0,
Morbegno,,,0.0,0.0,0.0,,,,,,,,0.0,,,,0.0,0.0,,,,,,0.0,,,,
Morgex,,,,,,,,,,,,,,,,,4.0,,,,,,,,,,,
Morro D'oro,,,,,,,,,,,,0.0,,,,,,,,,,,,,,,,
Mottella,,,,,,,,,,,,,,,,,,,,,0.0,,,,,,,
Muggiò,,,,,,,,,,,,,,,,0.0,,,,,,,,,,,,0.0
Mulhouse,,,,,,,,,,,,0.0,,,,,,,,,,1.0,,0.0,,,,0.0
Musile Di Piave,,,,,,,,0.0,,1.0,,,,,,,,,,,,,,,,,,
Mâcot-La-Plagne,,0.0,,,,,,,,,,,,,,,,,,,,,,,,,,
Mühlhausen/thüringen,,,,,,,,,,,,,,,,,,0.0,,,,,,,,,,
Münchsmünster,,,,,,,,,,0.0,,,,,,,,,,,,,,,,,,
Nancy,,,,,,,,,,,,,,,,,,,,,0.0,,,,,,,
Napoli,0.0,0.0,0.0,0.0,0.0,,,,0.0,,,0.0,0.0,,,,0.0,,0.0,,0.0,,,,,,,0.0
Nereto,,,,,,,,,,0.0,,,,,,,,,,,,,,,,,,
Neuchâtel,,,,,0.0,,,,,,,,,,,,,,0.0,,,,,,,0.0,,
Neuilly-Sur-Marne,,,,,,,,,,,,,,,,,,,,,,,,,,0.0,,
Nibionno,0.0,0.0,0.0,,,0.0,0.0,0.0,0.0,0.0,,,0.0,0.0,0.0,0.0,,,,,,,,,,,,
Nizza,,0.0,2.0,0.0,3.0,,,,,5.0,,4.0,1.0,,,,4.0,,,,,,,,2.0,2.0,1.0,1.0
Norimberga,,,,,,,,,,,,,,,,,,,,,0.0,,,,,,,
Novara,0.0,0.0,0.0,0.0,0.0,0.0,0.0,,,,0.0,0.0,0.0,0.0,0.0,,0.0,,0.0,0.0,0.0,,,0.0,0.0,0.0,,0.0
Novate Milanese,,,,0.0,,,,,,,,,,,,,,,,,,,,,,,,
Novegro-Tregarezzo,,,,,,0.0,,,,,,,,,,,,,,0.0,,,,,,,,
Novi Ligure,0.0,,0.0,,0.0,,,0.0,0.0,,,0.0,,,,,,,,0.0,,,,0.0,,,,
Oberdorla,,,,,,,,,,,0.0,,,,,,,,,,,,,,,,,
Offenbach Am Main,,,,,,,,,,,,,,,,,,,,,,,,0.0,,,,
Oleggio,,,0.0,,,,,,,,,,,,,,,,,,,,,,,,,
Omegna,,,,,,,,,,,,,0.0,,,,,,,,,,,,,,,
Opicina,,0.0,,,,,,,,,,1.0,,,,,,,,,,,,,,,,
Orio Al Serio,,,,,,,,,0.0,,0.0,,0.0,,,,,,,,0.0,,,,,,1.0,
Orio al Serio,0.0,0.0,1.0,0.0,1.0,2.0,0.0,1.0,0.0,0.0,0.0,0.0,0.0,0.0,0.0,0.0,1.0,1.0,2.0,0.0,0.0,0.0,1.0,2.0,0.0,,1.0,2.0
Ornavasso,,,,,,,,,,1.0,,,,,,,0.0,,,,,,,,,,,
Orta Di Atella,,,,,,,,,,,,,,0.0,,,,,,,,,,,,,,
Orte,,,,,,0.0,,,,,,,,,,,0.0,,,,,,,,,,,
Orzinuovi,,,,,,,,,,,,,,,,,,,,,,,,,0.0,,,
Ospitaletto,,,,,,,,,,,,,,,,,,,,0.0,,,,,,,,
Ossana,,,,,,,,,,0.0,,,,,,,,,,,,,,,,,,
Osteria Grande,0.0,,,,,,,,,,,,,,,,,,,,,,,,,,,
Ostra,,,0.0,,,,,,,,,,,,,,,,,,,,,,,,,
Oulx,0.0,,0.0,,,,,,,,,,,,,,0.0,,,,,,,,,,,
Outlet,,,,,,,,,,,,,,,,0.0,,,,,,,,,0.0,,,
Ovada,,,,,,,,,,,,,,0.0,,,,0.0,,,0.0,,,,,,,0.0
Paderno Franciacorta,,0.0,,,,,,,0.0,,,,,,,,,,,,,,,,,,,
Padova,1.0,2.0,20.0,5.0,7.0,1.0,0.0,,2.0,20.0,7.0,5.0,3.0,1.0,2.0,3.0,19.0,8.0,10.0,6.0,2.0,,5.0,18.0,12.0,,3.0,2.0
Palaiseau,,,,,,,,,,,,,,,,,0.0,,,,,,,,,,,
Palmanova,,,,0.0,,,,,,0.0,,,,,,,,,,,,,,0.0,,,,
Pandino,,,,,,,,,,,,,0.0,,,,,,,0.0,0.0,,,,,,0.0,
Paradiso,0.0,0.0,,,,0.0,0.0,,,0.0,,,0.0,0.0,0.0,,0.0,,,,0.0,0.0,0.0,0.0,,,0.0,0.0
Parigi,,,,,,,,0.0,,,,0.0,,,1.0,,,,,,1.0,,,,,,,
Parma,2.0,0.0,6.0,2.0,1.0,0.0,1.0,0.0,1.0,3.0,3.0,3.0,2.0,0.0,1.0,3.0,11.0,1.0,3.0,2.0,1.0,0.0,2.0,10.0,5.0,7.0,0.0,0.0
Pavia,0.0,0.0,0.0,0.0,,0.0,0.0,0.0,0.0,0.0,0.0,1.0,0.0,0.0,0.0,0.0,0.0,,,0.0,0.0,0.0,0.0,0.0,0.0,,0.0,0.0
Pedaso,,,,,,0.0,,,,,,,,,,,,,,,,,0.0,,,,,
Pergine Valsugana,,,,,,,,0.0,,,,,,,,,,,,,,,,,,,,
Perugia,0.0,0.0,7.0,0.0,,1.0,,0.0,,7.0,,1.0,0.0,,0.0,1.0,5.0,,4.0,2.0,,,0.0,,,,,0.0
Pesaro,,0.0,4.0,,,,1.0,,,5.0,0.0,,,0.0,,1.0,7.0,0.0,,,,,3.0,,,0.0,,
Pescara,,,3.0,0.0,,,,,,4.0,0.0,1.0,,,,,,,,,0.0,0.0,1.0,5.0,,,0.0,
Peschiera Del Garda,,0.0,1.0,0.0,1.0,2.0,,,0.0,,,,,,0.0,,3.0,,,0.0,,1.0,,,0.0,,1.0,
Peschiera del Garda,,,,,,,,,,,,,,,,,,,,,,,,,,,1.0,
Pfullendorf,,,,,0.0,,,,,,,,,,,,,,,,,,,,,,,
Piacenza,0.0,0.0,1.0,0.0,0.0,0.0,0.0,0.0,0.0,0.0,0.0,1.0,1.0,0.0,0.0,0.0,1.0,0.0,0.0,0.0,1.0,0.0,0.0,0.0,1.0,0.0,1.0,0.0
Pian Camuno,,,0.0,,,,,,,,,,,,,,,,,,,,,,,,,
Piani Di Artavaggio,,,,,,,,,,,,,,,,0.0,,,,,,,,,,,,
Pietra,,,,,,,,,,,,,,,,,0.0,,,,,,,,,,,
Pietra Ligure,,,,,,0.0,,,,,,,,,,,,,,,,,,,0.0,,,
Pietrasanta,,,,,,,,,,,,,0.0,,,,1.0,,,,,,,,,,,
Pieve Di Soligo,,,,,0.0,,,,,,,,,,,,,,,,,,,,,,,0.0
Pieve Ligure,,,,,,0.0,,,,,,,,0.0,,,,,,,,,,,,,,0.0
Pinerolo,,,,,,,,,,,0.0,,,,,,,,,,,,,,0.0,1.0,,
Pineto,,,,,0.0,,,,,,,,,,,,,,,,,,,,,,,
Pinzolo,,,,,,,,,,0.0,,,,,,,,,,,,,,2.0,,,,
Pioltello,,,,,0.0,,,,,,,0.0,,,,,,,0.0,,,,,,,0.0,,
Piombino,,,0.0,,,,,,,,,,,,,,,,0.0,,,,,,,,,0.0
Piove Di Sacco,,,,,,,0.0,,,,,,,,0.0,,,,,,,,,,,,,
Piove di sacco,,,,,,,,,,,,,0.0,,,,,,,,,,,,,,,
Piovene Rocchette,,,,,,,,0.0,,,,,,,0.0,,,,,,,0.0,,,,,,
Pisa,0.0,1.0,7.0,,,3.0,,1.0,2.0,,1.0,7.0,0.0,,1.0,2.0,11.0,3.0,4.0,4.0,0.0,1.0,1.0,5.0,,9.0,2.0,0.0
Pisticci,0.0,,,,,,,,,,,,,,,,,,,,,,,,,,,
Pistoia,,,,,,,,,,,,,,,,,,,,0.0,,0.0,0.0,,,,,
Pizzighettone,,,,,0.0,,,,,,,,,,,,,,,,,,,,,,,
Pogno,,,,,,,,,,,,,,,,,,,,,,,,,,,,0.0
Pompei,,,,,,,,,,,,,,0.0,,,,,,,,,,,,,,
Pont-Saint-Martin,,,,,0.0,,,,,0.0,,,,,,,,,0.0,,,,,,,,,
Ponte Caffaro,,,,,,,,,,0.0,,,,,,,,,,,,,,,,,,
Ponte Di Legno,,,,,,,,,,,,,,,,,0.0,,,,,,,,,,,
Ponte Felcino,,,,,,,,,,5.0,,,,,,,,,,,,,,,,,,
Ponte San Giovanni,,,,,,,,,0.0,,,,,,,,,,,,,,,9.0,,,,
Ponte San Pietro,0.0,0.0,0.0,0.0,0.0,,0.0,0.0,0.0,0.0,0.0,0.0,,,,,,,0.0,,,,,,,0.0,,
Ponte Taro,,,,,0.0,,,,,,,0.0,,,,,,,0.0,,,,,,,0.0,,
Pontedera,,,,,,,,,,,,,,,,,,,1.0,,,,,,,,,
Pontoglio,,,,,,,,,,,,,,,,,,,,,,,,1.0,,,,
Pontremoli,,,,,,0.0,,,,,,,,,,,,0.0,,,,,0.0,,,,,
Pordenone,,,1.0,,5.0,1.0,0.0,0.0,,4.0,1.0,0.0,,0.0,,,4.0,2.0,,,,,,3.0,1.0,,0.0,
Porpetto,,,,,,,,,,,,,,,0.0,,,,,,,,,,,,,
Porretta Terme,,,,,0.0,,,,,,,,,,,,,,,,,,,,,,,
Porto Recanati,,,2.0,,,,,,,,,,,,,,0.0,,,,,,,,,,,
Porto San Giorgio,,,0.0,0.0,,,,,,,,,,,,,,,,,0.0,,,,,,0.0,
Porto Sant'elpidio,,,,,,,,,,,,,0.0,,,,,,,,,,,,,,,
Portogruaro,,,1.0,0.0,,,,,,,,,,,,,,,,,,1.0,0.0,1.0,,,,
Portovenere,,,,,,,,,,1.0,,,,,,,,,,,,,,,,,,
Postal,,,,,,,,,,0.0,,,,,,,,,,,,,,,,,,
Potenza,0.0,,,,,,,,,,,,,,,,,,,,,,,,,,,
Pove Del Grappa,,,,,,,,,1.0,,,,,,,,,,,,,,,,,,,
Pradamano,,,,,,,,,,,,,,,,,,,,,,,,0.0,,,,
Praga,,,,,,,,,,,,,,,,,,0.0,,,,,,,,,,
Prato,,,,,0.0,,,,0.0,,,,,,,,1.0,,,0.0,,0.0,,,3.0,,,0.0
Prato Nevoso,,,,,,,,,,,,,,,,,,0.0,,,,,,,,,,
Pre' Saint Didier,,,,,,,,,,,,,,,,,6.0,,,,,,,,,,,
Predazzo,,,0.0,,,,,,,,,,,,,,,,,,,,,,,,,
Preganziol,,,,,0.0,,,,,,,,,,,,,,0.0,,,,,,,,,
Prilly,,,,,,,,,,,,,,,,,,,3.0,,,,,,,,,
Pristina,,,,,,,,,,,,,,,,,,,,,,0.0,,,,,,
Producena-Teola,,,,,,,,,,0.0,,,,,0.0,,,,,,,,,,,,,
Quarona,,,0.0,,,,,,,,,,,,,,0.0,,,,,,,,,,,
Quarto D'altino,,,,,,,,,,,,,,,,,0.0,,,,,,,,,,,
Querceta,,,,,,,0.0,,,,,,,,,,,,,,,,,,,,,
Ranica,,,,,,,,,,,,,,,,,,,,,,,,2.0,,,,
Rapallo,0.0,2.0,,,,0.0,,,1.0,1.0,,,,0.0,,,4.0,,,,,,,,0.0,,,0.0
Rapperswil-Jona,,,,,,,,,,,,,,,,,,,,,,,,,,,0.0,
Ravenna,,,0.0,0.0,,,,0.0,,3.0,,0.0,0.0,,0.0,,1.0,1.0,0.0,0.0,0.0,,,4.0,,,,
Reano,,,,,,,,,,1.0,,,,,,,,,,,,,,,,,,
Recanati,,,,,,,,,,,,,,,,,,,,,0.0,,,,,,,
Recco,0.0,,,,,,0.0,,,,,,,1.0,,,2.0,,,,0.0,,,,,,,
Reggio Emilia,,1.0,1.0,0.0,1.0,,,0.0,,2.0,0.0,1.0,0.0,,,,6.0,0.0,1.0,0.0,,,0.0,1.0,,1.0,0.0,
Renazzo,,,,,,,,,,,,,,,,,,,,,,,,,0.0,,,
Rho,0.0,,0.0,,,,0.0,0.0,0.0,0.0,0.0,,,,,,0.0,,,,,,0.0,0.0,,,,0.0
Riccione,,0.0,3.0,,,,,,,,,,0.0,,,,2.0,,,,,,1.0,2.0,,0.0,,
Rimini,1.0,2.0,10.0,,6.0,1.0,,1.0,4.0,5.0,0.0,6.0,,0.0,0.0,4.0,4.0,1.0,2.0,,2.0,1.0,2.0,12.0,2.0,5.0,3.0,2.0
Riva Del Garda,,,0.0,,,,,,,,,,,,,,0.0,,,,,,,0.0,,,,
Riva presso Chieri,,,,,,,,,0.0,,,,,,,0.0,,,,,0.0,,,,,,,
Rivarolo Canavese,,,,,,,,,,,,,,,,,,,,,,,,0.0,,,,
Rivera,,,,,,,,,,,,,,,,,,,,,,,,,,,0.0,
Rivoli,,,,0.0,,,,,,,,,,,,,,,,,,,,,,,,
Rocchetta di vara,,,,,,,,,,,,,,,,,,,,,,,0.0,,,,,
Rolle,,,0.0,,,,,,,,,,,,,,,,,,,,,0.0,,,,
Roma,0.0,1.0,3.0,1.0,2.0,0.0,0.0,,0.0,3.0,1.0,1.0,2.0,0.0,2.0,,2.0,4.0,,2.0,,1.0,0.0,6.0,5.0,1.0,2.0,1.0
Romagnano Sesia,,,,,,,,,,,0.0,,,,,,,,,,,,,,,,,
Romana,,,,,,,,,,,,,,,,,,,0.0,,,,,,,,,
Ronchi Dei Legionari,,,,,1.0,,,0.0,,,,,,,,,,,0.0,,,,,,,0.0,,
Roseto Degli Abruzzi,,,,,,,,,,,,,,,,,,,,,,,0.0,,,,,0.0
Rovato,,,,,,,,,,0.0,,,,,,,0.0,,,,,0.0,,0.0,,,,
Rovereto,0.0,0.0,0.0,2.0,1.0,,,0.0,,1.0,0.0,4.0,1.0,1.0,,,1.0,,1.0,,,0.0,,2.0,,,,
Rovigo,,,0.0,0.0,0.0,,,1.0,,,,,0.0,,,,1.0,,,,,0.0,,,1.0,1.0,0.0,
Rozzano,,0.0,,,,,,,0.0,,,0.0,,,0.0,,,,,,,,,0.0,,,,
Russi,,,,,,,,,,,,,,,,0.0,,,,,,,,,,,,
Rüsselsheim,,0.0,,,,,,,,,,,,,,,,,,,,,,,,,,
Saanen,,,,,,,,,,,,,,,,,,,,,,,,0.0,,,,
Sachseln,0.0,,,,,,,,,,,,0.0,,,,,,,,,0.0,,,,,,
Sacile,,,,,,,,,,,,,,,,,0.0,,,,,,,,,,,
Saint-Chamond,,,,,,,,,,,,0.0,,,,,,,,,,,,,,,,
Saint-Gilles,,,,,,,,,,,,,,,,,,,,,,,,,,,0.0,
Saint-Jean-De-Maurienne,,,,,,,,,,,,,,,0.0,,,,,,,,,,,,,
Saint-Louis,,,,,,,,,,,,0.0,,,,,,,,,,,,,,,,
Saint-Pierre-De-Belleville,,,,,,,,,,,,,,,,,,,,,,0.0,,,,,,
Saint-Vincent,,,,,,,,,,,0.0,,,,,,,0.0,,,,,,,,,,
Salsomaggiore Terme,0.0,,,,,,,,,,,,,,,,,,,,,,,,,,,
Saluggia,0.0,,,,,,,,,,,,,,,,,,,,,,,,,,,
Saluzzo,,,,,,,,,,,,,,,,,,0.0,,,0.0,,,,,,,
Salò,,,,,0.0,,,,,,,0.0,,,,,,,,,,,,,,0.0,,
Samnaun,,,,,,,,,,,,,,,,,,,,,,0.0,,,,,,
San Bartolomeo Al Mare,,,,,,,,,,,,,,,,,,,,,,,,,,0.0,,
San Benedetto Del Tronto,,,2.0,0.0,,,0.0,0.0,,2.0,,,1.0,,,,,,,1.0,,,,5.0,,0.0,,
San Bonifacio,,,,0.0,,,0.0,,,,,,0.0,,,,,,,,0.0,,,,,,,
San Carlo,,0.0,,,,,,,,,,,,,,,,,,,,,,,,,,
San Colombano Al Lambro,,,,,,,,,,,,,,,0.0,,,,,,,,,,,,,
San Donato Milanese,0.0,0.0,0.0,,,0.0,0.0,0.0,0.0,0.0,,,0.0,0.0,0.0,0.0,0.0,,,0.0,0.0,0.0,0.0,0.0,,,0.0,0.0
San Donà Di Piave,,,4.0,,,0.0,,,,,,,,,,,,,,,,,,,,,,
San Gillio,,,,,,,,,,0.0,,,,,,,,,,,,,,,,,,
San Giovanni In Persiceto,,,,,,,,,,,,,,,,0.0,,,,,,,,,,,,
San Giovanni Lupatoto,,,0.0,,,,,,,,,,,,,,,,,,,,,,,,,
San Giuliano Milanese,,,,,,0.0,0.0,0.0,0.0,0.0,,,,,,,,,,,,,,,,,0.0,
San Lazzaro Di Savena,,,0.0,,,,,,,1.0,,1.0,,,0.0,,0.0,,0.0,,,,,0.0,1.0,,,
San Marino,,,,,0.0,,,,,,,,,,,,,,,,,,,,,0.0,,
San Martino Buon Albergo,,,,,,,,,,,,,,,,,,,,,,,,0.0,,0.0,,
San Maurizio,,,,,,,,,,,,,,,,,6.0,0.0,,,,,,,,1.0,,
San Michele All'adige,,,,,,,,,,,,,,,,,0.0,,,,,,,,,,,
San Pancrazio Salentino,,0.0,,,,,,,,,,,,,,,,,,,,,,,,,,
San Pellegrino Terme,,,,,,,,,,,,0.0,,,,,,,,,,,,,,,,
San Pietro In Cariano,,,,,,,,,,,,,,,,,,,,,,,,,0.0,,,
San Quirino,,,,,,,,0.0,,,,,,,,,,,,,,,,,,,,
San Sebastiano Al Vesuvio,,,0.0,,,,,,,,,,,,,,,,,,,,,,,,,
San Venanzio,,,,,,,,,,,,,,,,,,,,,,,0.0,,,,,
San Vito Al Tagliamento,,,,,,,,,,,,,,,,,,,,,,,,,0.0,,,
Sannazzaro De' Burgondi,,,,,,,,,,,,,,,0.0,0.0,,,,0.0,,,0.0,,,,,
Sanremo,,0.0,,3.0,,1.0,3.0,3.0,1.0,2.0,2.0,,,,,,,,,0.0,0.0,,,,0.0,0.0,,0.0
Sansepolcro,,0.0,0.0,,,,,,,,,,,,,,,,,,,,,,,,,
Sant'Elpidio a mare,,,,,,,,,,,,,,,,0.0,,,,,,,,,,,,
Santa Magdalena,,,,,,,,,,,,,,,,,0.0,,,,,,,,,,,
Santa Margherita Ligure,,,,,1.0,,,,,1.0,,,,,0.0,,,,,,,,,,0.0,0.0,,
Santarcangelo Di Romagna,,,,,,,,0.0,,,,,,,,,,,,,,,,0.0,,,,
Santarcangelo di Romagna,,,,,,,,,,,,,,,0.0,,,,,,,,,,,,,
Santhià,,,0.0,,0.0,0.0,0.0,,,0.0,0.0,,0.0,0.0,,,,0.0,,,,,,,0.0,,,0.0
Santo Stefano Di Magra,,,,,0.0,,,,,,,,,,,,1.0,,,,,,0.0,1.0,,0.0,0.0,
Santuario,,0.0,,,0.0,0.0,,,,0.0,0.0,0.0,,,,,,,0.0,,,,,,,0.0,,
Sargans,0.0,,,,,,,,,,,,,,,,,,,,,,,,,,,
Sarnico,,,,,,,,,,,,,,,,,,0.0,,,,,,,,,,
Saronno,,,,,,,0.0,,,,,,,,,,,,,,,,,,,,,
Sarzana,,2.0,3.0,,,,,0.0,1.0,0.0,,,0.0,,,0.0,2.0,0.0,1.0,0.0,,,1.0,,,,,
Sassello,,,,,,,,,,,,,,,,,,0.0,,,,,,,,,,
Sasso Marconi,,,0.0,,,,,,,,,,,,,,,,,,,,,,,,,
Sassuolo,,,,,,,,,,0.0,0.0,,,,,,,,,,,,,,,,,0.0
Sava,,,0.0,,,,,,,,,,,,,,,,,,,,,,,,,
Savigliano,,,,,,,,,,,,,,,,,,,,,,,,0.0,,,,
Savona,,,8.0,2.0,2.0,2.0,2.0,2.0,2.0,11.0,0.0,1.0,2.0,1.0,0.0,,8.0,1.0,3.0,0.0,0.0,2.0,,5.0,2.0,,0.0,
Scandicci,0.0,,,,1.0,,,0.0,,,,,,,0.0,,,,0.0,,,0.0,,,,,,
Schio,,,,,,,,,,,,,,,,0.0,,,,,,,,,,,,
Schlins,,,,,,,,,,,,,,,,,0.0,,,,,,,,,,,
Segrate,0.0,0.0,0.0,0.0,0.0,0.0,0.0,0.0,0.0,0.0,0.0,0.0,0.0,0.0,0.0,0.0,0.0,,,0.0,,0.0,0.0,0.0,,,0.0,0.0
Selva di Val Gardena,,,,,,,,,,,,,,,,,,,,,,,,,0.0,,,
Senigallia,,0.0,2.0,,,,,0.0,,,,,,,0.0,,,,,,0.0,,,,,,,
Seregno,,,,,,,,,,,,,,,,,,,,,,0.0,,,0.0,,,
Seriate,,,,,1.0,,,,,0.0,,0.0,,,,,,,,,,,,,,,,
Serina,,,,,,,,,,,,,,,,,0.0,,,,,,,,,,,
Sermide,,,,,,,,,,,,,,,,,,0.0,,,,,,,,,,
Serravalle Scrivia,,,,,,0.0,,,,,,,,,,,,,,,,,,,,,,
Sesto Calende,,,,,,0.0,,,,,,0.0,,,,,,,,,,,,,,0.0,,
Sesto San Giovanni,0.0,0.0,0.0,0.0,0.0,0.0,0.0,0.0,0.0,0.0,0.0,0.0,0.0,0.0,0.0,0.0,0.0,0.0,0.0,0.0,0.0,0.0,0.0,0.0,0.0,0.0,0.0,0.0
Sesto Ulteriano,0.0,0.0,,,,,,,,,,,,,,,,,,,,,,,,,,
Sestri Levante,,,0.0,,,,0.0,,,,,,,,,,2.0,,,,,0.0,,3.0,0.0,,,
Settala,,,,0.0,,0.0,,,,,,,,,,,,,,,,,,,,,,
Settimo Milanese,,0.0,,0.0,0.0,,0.0,,,,,,,,,,,,,,0.0,0.0,,,,,,
Siena,,,4.0,0.0,2.0,,,,0.0,1.0,,1.0,,0.0,,,,0.0,1.0,,,1.0,,4.0,0.0,,0.0,
Silea,,,6.0,1.0,,,,,,,,,,,,,5.0,,,,,,,,,,,
Sion,,,,,,,,,,,,,,,,,,,,,,,,,0.0,,,
Sirmione,,,,,,,,,,,,,,,,,,,,,,,,,,,0.0,
Sistiana,,,,,,,,,,,,,,,0.0,,,,,,,,,,,,,
Soave,,,,,,,0.0,,,,,,0.0,,,,,,,,,,,,,,,
Soliera,,,,,,0.0,,,,,,,,,,,,,,,,,,,,,,
Somma Lombardo,,,,,,,,,,,,,0.0,,,,,,,,,,,,,,,
Sommacampagna,,,,,,,,,,,,,,,,,,,,,0.0,,,,,,,
Soncino,,,,,,,,,,,,,,,,,,,,,,,,,,0.0,,
Sondrio,,,0.0,,0.0,,,0.0,0.0,1.0,,0.0,,,0.0,,0.0,0.0,0.0,0.0,,,,0.0,,0.0,,0.0
Sori,,,,,,,,,,,,,,,,,,,,,,,,,1.0,,,
Specchia,,,,,,,,,,,,,,,,,,,,,,,,0.0,,,,
Spinetta Marengo,,,,0.0,,,,,,,,,,,,,,,,,,,,,,,,
Spoleto,,,,,,,,,,,,,,,,,,,0.0,,,,,,,,,
Spotorno,,,,,,,,,1.0,,,,,,,,,,,,,,,,,,,
Stabio,,,,,,0.0,,,,,,,,,,,,,,,,,,,,,0.0,
Staranzano,,,,,,,,,,,,,,,,,,,0.0,,,,,,,,,
Stoccarda,,,0.0,,,0.0,,,,,0.0,,0.0,,,,,,,0.0,,0.0,,,,0.0,,
Stradella,,,,,,,,,,0.0,,,,,,,,,,,,,,,,,,
Strasburgo,,,0.0,,,0.0,,,,,0.0,,1.0,,,,,,,1.0,,,,,,1.0,,
Stresa,,,,,,,,,,,,0.0,,,,,,,,,,,,,,,,
Suello,,,,,,,,,,,,,,,,,,,,,,,,0.0,,,,
Sulzano,,,,,,,,,,,,,,0.0,,,,,,,,,,,,,,
Suvereto,,,,,0.0,,,,,,,,,,,,,,,,,,,,,,,
Sélestat,,,,,,,0.0,,,,,,,,,,,,,,,,,,,,,
Taggia,,,,,,,,,,,,,,,,,,,,,0.0,,,,,,,
Tai Di Cadore,,,,,,,,,,,,,,,,,0.0,,,,,,,,,,,
Taino,,,,,,,0.0,,,,,,,,,,,,,,,,,,,,,
Taranto,,,,,,,,,,0.0,,,,,,,,,,,0.0,,,,,0.0,,
Targnod,,,,,,,,,,,,,,,,,,,,0.0,,,,,,,,
Tarzo,,,,,,,,,,,,,,,,,,,,,0.0,,,,,,,
Tavagnacco,,,,,,,,,,,,,,,,,,0.0,,,,,,,,,,
Teramo,,,,,,,,,,,,,,,,,,,,,,,,0.0,,,,
Terontola,,,,,,0.0,,,,,,,,,,,,,,,,,,,,,,
Thiene,,,0.0,,0.0,,,,,0.0,,,,,,,0.0,,,0.0,,,,0.0,,,,
Timișoara,,,,,,,,,,,,,,,,,,,,,,,,0.0,,,,
Tirano,,,,,0.0,,,,,,,,,,,,,,0.0,,,,,0.0,,,,
Tolone,,,,,,,,,,0.0,,,,,,,,,,,,,,,,,,
Torino,4.0,3.0,11.0,8.0,6.0,3.0,1.0,1.0,1.0,10.0,6.0,4.0,2.0,1.0,0.0,2.0,7.0,6.0,8.0,3.0,2.0,0.0,2.0,11.0,6.0,4.0,1.0,3.0
Torrette,,,,,,,,,,,,,,,,,,,,,,,,0.0,,,,
Tortona,,,,,,,0.0,0.0,0.0,,,,0.0,,0.0,0.0,,,0.0,0.0,,0.0,0.0,,0.0,,0.0,
Toscanella,,,,,,,,,,,,,,,0.0,,,,,,,,,,,,,
Tradate,,,,,,,,,,,,,,,,,,,,,,,0.0,,,,,
Travagliato,,,,,,,,,,,,,0.0,,,,,,0.0,,,,,,,0.0,,
Travo,,,,,,,,,,,0.0,,,,,,,,,,,,,0.0,,,,
Trento,2.0,4.0,9.0,2.0,11.0,,0.0,5.0,4.0,6.0,6.0,8.0,3.0,1.0,3.0,,13.0,1.0,7.0,2.0,2.0,4.0,,22.0,6.0,4.0,3.0,
Treviglio,,,,,,,,,,,,,,,,,,,,,,0.0,0.0,,,,,
Treviolo,,,,,,,,,,,,,,,,0.0,,,,,,,,,,,,
Treviso,,,5.0,1.0,,,0.0,,,9.0,,,,,1.0,,5.0,1.0,1.0,0.0,2.0,,,8.0,,8.0,0.0,
Trezzo Sull'adda,,,,,,0.0,0.0,0.0,,,0.0,0.0,0.0,,,,,,,,,,,,,0.0,,
Trezzo sull'Adda,,,,,,,,,,,,,,,,0.0,0.0,,,,,,0.0,,,0.0,,
Tribiano,,,,,,,,,,,0.0,,,0.0,0.0,,,,,,,,,,,,,
Tricesimo,,,,,0.0,,,,,,,,,,,,,,,,,,,,,,,
Trieste,,,2.0,,2.0,1.0,,,1.0,,,1.0,,,,0.0,1.0,1.0,,,,0.0,,,,,1.0,
Trinità,,,,,,,,,,,0.0,,,,,,,,,,,,,,,,,
Udine,0.0,0.0,11.0,2.0,0.0,1.0,,,,,,,,0.0,,0.0,11.0,,3.0,0.0,,,,,,2.0,1.0,
Ulma,,,,,,,,,,,,,0.0,,,,,,0.0,,,,,,,,,
Urbino,,,,,,,,,,1.0,,,,,,,,,,,,,,,,,,
Vado Ligure,,,,,,,,,,9.0,,,,,,,,,,,,,,,,,,
Val della Torre,,,,0.0,,,,,,,,,,,,,,,,,,,,,,,,
Val-d'Isère,,,,,,,,,,,,,,,,,,,,,,,,0.0,,,,
Valdengo,,,,,,,,,,,,0.0,,,,,,,,,,,,,,,,
Valdobbiadene,,,,,,,,,,,,0.0,,,,,,,,,,,,,,0.0,,
Valmeinier,,,,,,,,,,,,,,0.0,,,,,,,,,,,,,,
Valtournenche,,,,,,,0.0,,,,0.0,,,,,,,,,,,,,,,,,
Varazze,,1.0,,,,,,,,0.0,,1.0,,,,,1.0,1.0,,,,0.0,,,1.0,,0.0,
Varedo,,,,,0.0,,,,,,,0.0,,,,,,,,,,,,,,,,
Varese,0.0,0.0,0.0,,0.0,0.0,0.0,0.0,0.0,0.0,0.0,0.0,0.0,0.0,0.0,0.0,0.0,0.0,0.0,0.0,0.0,0.0,0.0,0.0,0.0,0.0,0.0,0.0
Vasto,,,,,0.0,,,,,,,,,,,,0.0,,,,,,,,,,,
Venegono Superiore,,,,,,,,,,,,,,,,,,,0.0,,,,,,,,,
Venezia,0.0,0.0,1.0,1.0,1.0,2.0,0.0,0.0,0.0,2.0,2.0,1.0,0.0,1.0,,1.0,2.0,,0.0,1.0,2.0,1.0,1.0,6.0,3.0,0.0,0.0,1.0
Venosa,,,,0.0,,,,,,,,,,,,,,,,,,,,,,,,
Ventimiglia,0.0,,,2.0,,0.0,0.0,,,,1.0,,,,,,4.0,0.0,0.0,,,,,,1.0,,,
Venturina Terme,,,,,,,,,,0.0,,,,,,,,,,,,,,,,,,
Verbania,,,0.0,,,,,,,,,,,,,,0.0,,,,,,0.0,,0.0,,,
Vercelli,,0.0,,,,,,,,,0.0,,,,,,,,0.0,,,,,,,0.0,,
Verezzi,,,,,,,,,,,,,,,,,,,,,,,,1.0,,,,
Vergiate,,,,,,,0.0,,,,,,,,,,,,0.0,,,,,,,,,
Verona,1.0,2.0,6.0,2.0,4.0,2.0,0.0,2.0,0.0,8.0,8.0,2.0,2.0,1.0,2.0,3.0,5.0,2.0,5.0,1.0,2.0,2.0,1.0,12.0,9.0,7.0,2.0,1.0
Verrayes,,,,,,,,,,0.0,,,,,,,,,,,,,,,,,,
Verrès,,,,,,,,,,,,,,,0.0,,,,,,,,,,0.0,,,
Viareggio,1.0,,3.0,,1.0,0.0,0.0,1.0,,3.0,,,0.0,,,,1.0,0.0,0.0,,0.0,,1.0,5.0,,,,
Vicchio,,,,,,,,,,,,,,,,,,,,,,,0.0,,,,,
Vicenza,0.0,3.0,9.0,1.0,4.0,,0.0,,1.0,,3.0,3.0,1.0,,,1.0,5.0,4.0,,1.0,,1.0,,8.0,5.0,3.0,1.0,0.0
Vicenza ovest,,,,,,,,,,,,,0.0,,,,,,,,,,,,,,,
Vicolungo,,,,,,,,,,,,,,,,,,,,,0.0,,,,,,,
Vienna,,,,,,0.0,,,,,,,,,,,,,0.0,,,,,,,,,
Vieste,,,,,,,,,,,,,,,,,,,,,,,0.0,,,,,
Vigevano,,,0.0,,,,,,,0.0,,,,,,,0.0,,,,,,,,,,,
Vignole Borbera,,,,,,,,,,,,,,,,,0.0,,,,,,,,,,,
Vigonovo,,,,,,,,,,,,,,,,,,,,,,,,,,,0.0,
Villa D'agri,,,0.0,,,,,,,,,,,,,,,,,,,,,,,,,
Villa Guardia,,,,,,,,,,,,,,,,,,,,,0.0,,,,,,,
Villafranca Di Verona,,,,,,,,,,,,,,,,,,,,,0.0,,,,,,,
Villanova D'asti,,,,,,,,,,,,,,,,0.0,,,,,,,,,,,,
Villasanta,,,,0.0,,,,,,,,,,,,,,,,,,,,,,,,
Villeneuve-Loubet,,,,,,,,,,,,,,,,0.0,,,,,,,,,,,,
Vimercate,,,,0.0,,,,,,,,,,,,,,0.0,,,,,,,,,,
Vinovo,,,0.0,,,,,,,0.0,,,,,,,,,,0.0,,,,,,,,
Viterbo,0.0,,,,,,,,,,,1.0,,,,,,,,,,,,,,0.0,,
Vittorio Veneto,,,0.0,,,,,,,1.0,,,,,,,,,,,,,,,,,,
Viverone,,,,,,,,,,,0.0,,,,,,,,,,,,,,,,,
Vo',,,,,,,,,,,,,,,,,,,,,,,0.0,,,,,
Voghera,,,0.0,,,,,,0.0,,,,,,,,,,,0.0,0.0,,,,,,,
Volano,,,,,,,,,,,,,1.0,,,,,,,,,,,,,,,
Worms,,,,,,,,,,,0.0,,,,,,,,,,,,,,,,,
Würzburg,,,,,0.0,,,,,,,,,,,,,,,,,,,,,,,
Zagabria,,0.0,,,,,,,,,,,,,,,,,,,,,,,,,,
Zara,,,,,,,,,,,,,,,,,,,,,,,0.0,,,,,
Zero Branco,,,,,,,,,,,0.0,,,,,,,,,,,,,,,,,
Zona Industriale Bellocchi,,,,,,0.0,,,,,,,,,,,,,,,,,,,,,,
Zurigo,,,,,3.0,0.0,0.0,,0.0,1.0,0.0,2.0,0.0,0.0,,0.0,0.0,,2.0,0.0,1.0,,0.0,3.0,0.0,1.0,1.0,
casello ferrara nord,,,,,,,,,,,,,,,,,,,,1.0,,,,,,,,
gessate m2,,,,,,,,0.0,,,,,,,,,,,,,,,,,,,,
Århus,,,,,,,,,,,,,,,,,,,,,,,,,0.0,,,
Étrembières,,,,,,,,,,,,,,,,,,,,0.0,,,,,,,,
Černivci,,,0.0,,,,,,,0.0,,,,,,,0.0,,,,,,,0.0,,,,
